top row,Structure,Chemical Name,Minimum % Purity,Catalog Number,Structural Formula,Formula Weight,Availability,Price USD 10mg,Price USD 100mg,Price USD 250mg,Price USD    1g,Price USD    5g,Price USD    20g,Price USD    50g
156,,Sorafenib,97,FS200055,C21H16ClF3N4O3,464.83487,In Stock,195,695,1295,,,,
185,,"1,4-Dithia-8-aza-spiro[4.5]decane hydrochloride",95,FS001685,C7H14ClNS2,211.77733,In Stock,75,95,195,495,995,1995,
191,,"4,5-Dimethyl-1H-imidazole",95,FS001691,C5H8N2,96.13291,In Stock,95,195,395,895,2995,4995,
256,,Oseltamivir phosphate,97,FS200142,C16H31N2O8P,410.40787,In Stock,,,,800,,,
266,,Ramelteon,97,FS200152,C16H21NO2,259.35127,In Stock,950,,,,,,
275,,Taltirelin,97,FS200161,C17H23N7O5,405.41676,In Stock,95,195,395,1195,,,
395,,MODAFINIL,95,FS200043,C15H15NO2S,273.3563,In Stock,,295,695,1195,3990,5990,
405,,MITOXANTRONE HCl,95,FS200042,C22H29ClN4O6,480.95263,In Stock,195,595,695,850,,,
461,,"2-Phenoxymethyl-[1,3]dioxolane",95,FS000461,C10H12O3,180.20534,In Stock,,,,95,315,970,
462,,"2-(4-Bromo-phenoxymethyl)-[1,3]dioxolane",95,FS000462,C10H11BrO3,259.10137,In Stock,,,,95,450,1750,
463,,"2-(3-Bromo-phenoxymethyl)-[1,3]dioxolane",95,FS000463,C10H11BrO3,259.10137,In Stock,,,,95,450,1750,
464,,"2-(2-Bromo-phenoxymethyl)-[1,3]dioxolane",95,FS000464,C10H11BrO3,259.10137,In Stock,,,,95,450,1750,
465,,"2-(4-Methyl-phenoxymethyl)-[1,3]dioxolane",95,FS000465,C11H14O3,194.23243,In Stock,,,,95,450,1750,
466,,"2-m-Tolyloxymethyl-[1,3]dioxolane",95,FS000466,C11H14O3,194.23243,In Stock,,,,95,450,1750,2800
467,,"2-(2-Methyl-phenoxymethyl)-[1,3]dioxolane",95,FS000467,C11H14O3,194.23243,In Stock,,,,95,450,1750,
468,,"2-(4-Fluoro-phenoxymethyl)-[1,3]dioxolane",95,FS000468,C10H11FO3,198.19577,In Stock,,,,95,450,1750,
469,,"2-(3-Fluoro-phenoxymethyl)-[1,3]dioxolane",95,FS000469,C10H11FO3,198.19577,In Stock,,,,95,450,1750,
470,,"2-(2-Fluoro-phenoxymethyl)-[1,3]dioxolane",95,FS000470,C10H11FO3,198.19577,In Stock,,,,95,450,1750,
471,,"2-([1,3]Dioxolan-2-ylmethoxy)-benzaldehyde",95,FS000471,C11H12O4,208.21589,In Stock,,,,95,450,1750,
472,,"3-([1,3]Dioxolan-2-ylmethoxy)-benzaldehyde",95,FS000472,C11H12O4,208.21589,In Stock,,,,95,450,1750,
473,,"2-(4-Nitro-phenoxymethyl)-[1,3]dioxolane",95,FS000473,C10H11NO5,225.20287,In Stock,,,,95,450,1750,
474,,"2-(3-Methoxy-phenoxymethyl)-[1,3]dioxolane",95,FS000474,C11H14O4,210.23183,In Stock,,,,95,450,1750,
476,,"Ethyl-3-([1,3]dioxolan-2-ylmethoxy)-benzoate",95,FS000476,C13H16O5,252.26947,In Stock,,,,95,450,1750,
494,,"1-(2,2-Dimethoxy-ethoxy)-4-methyl-benzene",95,FS000512,C11H16O3,196.24837,In Stock,,,,950,1350,2250,3600
499,,"Piperazin-1-yl-[4-(4,4,5,5-tetramethyl-[1,3,2]dioxaborolan-2-yl)-phenyl]-methanone",95,FS000517,C17H25BN2O3,316.2114,In Stock,75,95,195,395,995,3295,
501,,"N-(2,2-Dimethoxy-ethyl)-4-(4,4,5,5-tetramethyl-[1,3,2]dioxaborolan-2-yl)-benzamide",95,FS000519,C17H26BNO5,335.21147,In Stock,,,95,165,515,2015,
512,,"[3-(4,4,5,5-Tetramethyl-[1,3,2]dioxaborolan-2-yl)-phenoxy]-acetic acid ethyl ester",95,FS000530,C16H23BO5,306.16971,In Stock,75,145,295,495,1995,,
513,,"2-[3-([1,3]Dioxolan-2-ylmethoxy)-phenyl]-4,4,5,5-tetramethyl-[1,3,2]dioxaborolane",95,FS000531,C16H23BO5,306.16971,In Stock,75,95,145,295,995,2495,
520,,"[4-(4,4,5,5-Tetramethyl-[1,3,2]dioxaborolan-2-yl)-pyrazol-1-yl]-acetic acid ethyl ester",95,FS000538,C13H21BN2O4,280.13432,In Stock,,,,495,1995,2995,
521,,"1-[1,3]Dioxolan-2-ylmethyl-4-(4,4,5,5-tetramethyl-[1,3,2]dioxaborolan-2-yl)-1H-pyrazole",95,FS000539,C13H21BN2O4,280.13432,In Stock,80,95,145,395,1495,3995,
522,,"4-{2-[4-(4,4,5,5-Tetramethyl-[1,3,2]dioxaborolan-2-yl)-pyrazol-1-yl]-ethyl}-morpholine",95,FS000540,C15H26BN3O3,307.20377,In Stock,75,95,195,495,2195,3495,
523,,"4-(4,4,5,5-Tetramethyl-[1,3,2]dioxaborolan-2-yl)-1-thiophen-2-ylmethyl-1H-pyrazole",95,FS000541,C14H19BN2O2S,290.19473,In Stock,95,195,295,495,1995,3495,
526,,"3-[4-(4,4,5,5-Tetramethyl-[1,3,2]dioxaborolan-2-yl)-pyrazol-1-ylmethyl]-pyridine",95,FS000544,C15H20BN3O2,285.15655,In Stock,95,195,395,950,1995,3495,
527,,"2-[4-(4,4,5,5-Tetramethyl-[1,3,2]dioxaborolan-2-yl)-pyrazol-1-ylmethyl]-pyridine",95,FS000545,C15H20BN3O2,285.15655,In Stock,95,195,295,495,1995,3995,
552,,4-Aminomethylpiperidine,95,FS000601,C6H14N2,114.19188,In Stock,,,,,95,165,264
553,,N-Acetyl-D-alanine,95,FS000602,C5H9NO3,131.13238,In Stock,,,,95,,,
554,,3-Iodobenzyl alcohol,95,FS000603,C7H7IO,234.03764,In Stock,,,,95,100,,
559,,4-Pentyne-1-ol,95,FS000608,C5H8O,84.11891,In Stock,,,,,95,145,
561,,4-Bromophenethylamine,95,FS000610,C8H10BrN,200.0796,In Stock,,,,95,120,,
562,,8-Bromooctanol,95,FS000611,C8H17BrO,209.12809,In Stock,,,,,,,
563,,4-Bromophenethyl alcohol,95,FS000612,C8H9BrO,201.06433,In Stock,,,,95,115,,
565,,2-Bromophenylethanol,95,FS000614,C8H9BrO,201.06433,In Stock,,,,95,,,
573,,"7-Bromo-pyrido[2,3-b]pyrazine",95,FS000622,C7H4BrN3,210.03403,In Stock,75,95,195,495,1950,3450,
577,,"6-Bromo-4H-imidazo[4,5-b]pyridine",95,FS000626,C6H4BrN3,198.02288,In Stock,75,95,195,495,1995,3995,
578,,"6-Bromo-2-methyl-4H-imidazo[4,5-b]pyridine",95,FS000627,C7H6BrN3,212.04997,In Stock,95,195,245,495,2295,3995,6392
588,,"1-Bromo-2-(2,2-diethoxy-ethylsulfanyl)-benzene",95,FS000637,C12H17BrO2S,305.23609,In Stock,,,,95,360,1215,
612,,4-Bromo-3-methyl-isothiazol-5-ylamine,95,FS000661,C4H5BrN2S,193.06585,In Stock,75,95,195,495,1995,3995,
614,,"3H-Imidazo[4,5-b]pyridine",95,FS000663,C6H5N3,119.12685,In Stock,95,195,295,895,2995,7995,
632,,"cis, trans, trans-3,5-Dioxa-bicyclo[5.1.0]octane-8-carboxylic acid ethyl ester",95,FS000681,C9H14O4,186.20953,In Stock,75,95,195,395,1950,,
634,,"6-Bromo-imidazo[1,2-a]pyridine",95,FS000683,C7H5BrN2,197.0353,In Stock,,75,95,295,1395,3495,
635,,"8-Bromo-imidazo[1,2-a]pyridine",95,FS000684,C7H5BrN2,197.0353,In Stock,75,145,245,495,1995,3495,
647,,5-Biphenyl-2-yl-2H-tetrazole,95,FS000696,C13H10N4,222.25145,In Stock,75,145,295,495,,,
662,,4-Iodo-N-(2-morpholin-4-yl-ethyl)-benzenesulfonamide,95,FS000711,C12H17IN2O3S,396.24929,In Stock,75,80,95,150,650,1950,
670,,4-(2-Bromo-phenyl)-oxazole,95,FS000719,C9H6BrNO,224.05827,In Stock,195,495,995,,,,
693,,"3,4-Bis-difluoromethoxy-benzaldehyde",95,FS000742,C9H6F4O3,238.13997,In Stock,,,,495,995,1900,3040
717,,2-Azetidin-1-yl-5-bromo-pyrimidine,95,FS000766,C7H8BrN3,214.06591,In Stock,,195,595,850,2995,7995,
719,,"[1,4]Diazocane-5,8-dione",95,FS000768,C6H10N2O2,142.1588,In Stock,75,145,295,495,1950,,
730,,2-methyl-3-fluoro-phenylboronic acid,95,FS000779,C7H8BFO2,153.95001,In Stock,95,195,295,495,1995,4995,
731,,2-(Trifluoromethyl)-3-fluoro-phenylboronic acid,95,FS000780,C7H5BF4O2,207.9213,In Stock,195,295,395,1095,2995,,
734,,"2,2-Difluoro-benzo[1,3]dioxole-4-boronic acid",95,FS000783,C7H5BF2O4,201.9233,In Stock,95,250,495,895,3995,6995,
739,,"2,6-Dimethyl-pyridine-3-boronic acid",90,FS000788,C7H10BNO2,150.97425,In Stock,95,295,495,850,2995,4995,
740,,3-(Trifluoromethyl)-5-fluoro-phenylboronic acid,95,FS002789,C7H5BF4O2,207.9213,In Stock,95,145,245,495,1495,2995,
741,,3-(Trifluoromethyl)-5-methyl-phenylboronic acid,95,FS000790,C8H8BF3O2,203.95796,In Stock,95,295,595,950,2495,3995,
742,,2-methoxy-4-methyl-pyridine-5-boronic acid,95,FS000791,C7H10BNO3,166.97365,In Stock,95,295,395,850,2995,4995,
750,,(3-Bromo-phenoxy)-difluoro-acetic acid ethyl ester,95,FS010799,C10H9BrF2O3,295.08223,In Stock,75,95,195,495,1495,2995,
788,,"1-(2,2-Dimethoxy-ethyl)-4-(4,4,5,5-tetramethyl-[1,3,2]dioxaborolan-2-yl)-1H-pyrazole",95,FS010837,C13H23BN2O4,282.15026,In Stock,,,,995,2495,4995,
820,,4-Ethyl isatin,95,FS010869,C10H9NO2,175.18873,In Stock,75,85,135,395,1450,3550,
821,,6-Ethyl isatin,95,FS010870,C10H9NO2,175.18873,In Stock,75,85,135,395,1450,3550,
857,,N-Boc-3-Methylene-piperidine,95,FS010906,C11H19NO2,197.27958,In Stock,75,95,195,495,1995,3995,
950,,4-Bromo-3-trifluoromethyl-phenylamine,95,FS000998,C7H5BrF3N,240.0238,In Stock,,,,,95,115,184
1252,,4-Chloro-7-methoxy isatin,95,FS001000,C9H6ClNO3,211.60607,In Stock,75,85,145,295,1195,3995,
1263,,1-(2-Propenyl)-2-benzimidazolidinone,95,FS011310,C10H10N2O,174.204,In Stock,,,,95,155,515,824
1272,,"4-(6-Fluoro-1,2-benzisoxazol-3-yl)piperidine",95,FS011319,C12H13FN2O,220.24861,In Stock,75,95,145,295,950,1950,3120
1275,,1-Methyl-1-naphthalenemethylamine,95,FS011322,C12H13N,171.24411,In Stock,,,95,100,145,,
1276,,2-(2-Methoxyphenoxy)ethylamine,95,FS011323,C9H13NO2,167.20946,In Stock,,,95,115,395,1370,2192
1279,,4-Amino-2-methyl-5-propyl-2H-pyrazole-3-carboxylic acid amide,95,FS011326,C8H14N4O,182.22698,In Stock,,,,95,115,370,592
1280,,4-(2-Piperidin-1-yl-ethoxy)-benzoic acid hydrochloride,95,FS011327,C14H20ClNO3,285.7734,In Stock,,,,95,215,715,1144
1281,,2-(2-Ethoxy-phenoxy)-ethylamine,95,FS011328,C10H15NO2,181.23655,In Stock,,,,95,245,815,1304
1283,,"4-(2,2-Diethoxy-ethoxy)-benzonitrile",95,FS011330,C13H17NO3,235.28534,In Stock,75,80,95,195,850,,
1284,,"(6,7-Dihydro-4H-pyrano[4,3-d]thiazol-2-yl)-acetonitrile",95,FS011331,C8H8N2OS,180.22976,In Stock,95,190,305,870,3625,,
1285,,"4,5,6,7-Tetrahydro-thiazolo[5,4-c]pyridin-2-ylamine",95,FS011332,C6H9N3S,155.22273,In Stock,95,195,295,495,1995,3995,
1292,,"2-Methyl-[1,2,6]thiadiazinane 1,1-dioxide",95,FS011339,C4H10N2O2S,150.2005,In Stock,75,145,295,495,1995,3495,
1302,,"5-Bromo-1,1-(ethylenedithio)-indane",95,FS011349,C11H11BrS2,287.24232,In Stock,75,195,295,495,1900,,
1305,,"2-Bromo-1-(3,4-dihydro-2H-benzo[b][1,4]dioxepin-7-yl)-ethanone",95,FS011352,C11H11BrO3,271.11252,In Stock,,,95,115,,,
1306,,2- Heptyn-1-ol,95,FS011353,C7H12O,112.17309,In Stock,,,,,95,,
1307,,4-Cyclohexylphenylglyoxal hydrate,95,FS011354,C14H18O3,234.29776,In Stock,,,95,130,,,
1308,,2-Amino-4-phenylthiazole,95,FS011355,C9H8N2S,176.24151,In Stock,,,,95,,,
1310,,Cyclodecanol,95,FS011357,C10H20O,156.2703,In Stock,,,95,,,,
1313,,3-Acetoxybenzaldehyde,95,FS011360,C9H8O3,164.16231,In Stock,,,,95,145,,
1314,,3-Pyridylcarbinol,95,FS011361,C6H7NO,109.12879,In Stock,,,,,95,,
1318,,Thiophene-3-carbonitrile,95,FS011365,C5H3NS,109.15036,In Stock,,,,95,,,
1319,,"2-Chloro-N,N-diethylacetamide",95,FS011366,C6H12ClNO,149.62164,In Stock,,,,,95,,
1320,,2-Chloro-4-fluoroiodobenzene,95,FS011367,C6H3ClFI,256.44661,In Stock,,,,,95,,
1321,,"2,2'-Bithiophene-5-carboxaldehyde",95,FS011368,C9H6OS2,194.27557,In Stock,,,,95,195,,
1322,,2-(2-Hydroxyethyl)-pyridine,95,FS011369,C7H9NO,123.15588,In Stock,,,,95,,,
1323,,2-(2-Thienyl)-ethanol,95,FS011370,C6H8OS,128.19406,In Stock,,,,,95,,
1324,,5-Bromoacetyl-3-phenylisoxazole,95,FS011371,C11H8BrNO2,266.09591,In Stock,,,95,115,,,
1326,,5-(2-Nitrophenyl)-2-furaldehyde,95,FS011373,C11H7NO4,217.18274,In Stock,,,,95,,,
1328,,Thiophene-3-methanol,95,FS011375,C5H6OS,114.16697,In Stock,,,,95,195,395,632
1329,,2-Bromo-5-chloro-phenylacetic acid,95,FS011376,C8H6BrClO2,249.49282,In Stock,,,,95,215,615,
1330,,2-Iodobenzonitrile,95,FS011377,C7H4IN,229.02103,In Stock,,,,95,115,,
1331,,1-Bromo-4-chloro-2-nitrobenzene,95,FS011378,C6H3BrClNO2,236.45331,In Stock,,,,,95,,
1335,,3-{5-[(Fluoren-9-ylmethoxy)carbonylamino]pentyloxy}benzoic acid,95,FS011382,C27H27NO5,445.51994,In Stock,,,95,115,465,,
1336,,(S)-N-Boc-3-Bromophenylalanine,95,FS011383,C14H18BrNO4,344.20786,In Stock,,,,95,,,
1337,,(6-Chloro-pyridin-3-yl)-acetic acid,95,FS011384,C7H6ClNO2,171.58437,In Stock,,,,95,215,415,664
1338,,6-Bromohexanoic acid ethyl ester,95,FS011385,C8H15BrO2,223.11155,In Stock,,,,,95,,
1353,,"3-Cyclopropyl-1,3-dihydro-imidazo[4,5-b]pyridin-2-one",95,FS011399,C9H9N3O,175.19158,In Stock,95,195,395,895,2995,6995,
1366,,(6-Chloro-pyridin-3-yl)-acetonitrile,95,FS011412,C7H5ClN2,152.5843,In Stock,,,95,115,415,1090,1744
1370,,(1-Oxy-pyridin-3-yl)-acetonitrile,95,FS011416,C7H6N2O,134.13867,In Stock,75,95,195,295,1350,3950,
1375,,(6-Bromo-pyridin-2-yl)-acetonitrile,95,FS011421,C7H5BrN2,197.0353,In Stock,95,195,295,495,1995,3995,
1379,,"6-Bromo-imidazo[1,2-a]pyridine-2-carboxylic acid",95,FS011425,C8H5BrN2O2,241.04525,In Stock,,,,295,950,2950,
1381,,2'-Trifluoromethyl-biphenyl-4-carbaldehyde,95,FS011427,C14H9F3O,250.22243,In Stock,,,95,230,,,
1384,,2-Thiazol-2-yl-benzaldehyde,95,FS011430,C10H7NOS,189.23739,In Stock,,,,190,850,2850,
1386,,1-Boc-5-Bromo-3-iodo-indole,95,FS011432,C13H13BrINO2,422.06246,In Stock,95,100,115,155,610,1370,
1401,,2-Bromo-1-(2-fluoro-ethoxy)-4-nitro-benzene,95,FS011447,C8H7BrFNO3,264.05229,In Stock,95,195,295,495,1995,3995,
1405,,4-Aminomethyl-benzonitrile; hydrochloride,95,FS011451,C8H9ClN2,168.62733,In Stock,,,95,110,,,
1406,,4-(hydroxymethyl)phenylboronic acid,95,FS011452,C7H9BO3,151.95898,In Stock,,,,95,140,,
1408,,Benzo[b]thiophene-3-boronic acid,95,FS011454,C8H7BO2S,178.01879,In Stock,,,,95,315,1015,
1409,,4-propoxybenzeneboronic acid,95,FS011455,C9H13BO3,180.01316,In Stock,,,,95,,,
1410,,"3,4-dimethoxybenzeneboronic acid",95,FS011456,C8H11BO4,181.98547,In Stock,,,,95,,,
1411,,4-Benzyloxycarbonylamino-benzeneboronic acid,95,FS011457,C14H14BNO4,271.08298,In Stock,,,,95,,,
1412,,3-propoxybenzeneboronic acid,95,FS011458,C9H13BO3,180.01316,In Stock,,,,95,,,
1414,,1-Methyl-1H-indole-5-boronic acid,95,FS011460,C9H10BNO2,174.99655,In Stock,,75,115,395,995,,
1415,,Azonane,95,FS011461,C8H17N,127.23139,In Stock,,,,95,,,
1444,,3-[5-(2-trifluoromethoxyphenyl)2-furyl)propenoic acid,95,FS000906,C14H9F3O4,298.22063,In Stock,,100,200,,,,
1445,,"1-(3,4-Dichlorophenyl)-2-thiourea",95,FS000908,C7H6Cl2N2S,221.10927,In Stock,,,,,95,120,
4039174,,6-Bromohexanenitrile,95,FS000800,C6H10BrN,176.0573,In Stock,,,,95,,,
4039175,,3-bromo-4-methoxy-phenyl acetic acid,95,FS000801,C9H9BrO3,245.07428,In Stock,,,,95,,,
4039176,,N-(6-bromohexyl)phthalimide,95,FS000802,C14H16BrNO2,310.19312,In Stock,,,,95,,,
4039177,,N-(5-Bromopentyl)phthalimide,95,FS000803,C13H14BrNO2,296.16603,In Stock,,,,95,,,
4039178,,4-Acetamido-3-bromoacetophenone,95,FS000804,C10H10BrNO2,256.1007,In Stock,,,,95,,,
4039179,,(R)-2-Butylsuccinic acid-1-methyl ester,95,FS000805,C9H16O4,188.22547,In Stock,,75,95,295,,,
4039181,,Methyl 2-(chlorosulfonyl)benzoate,93,FS000807,C8H7ClO4S,234.65959,In Stock,,,,,95,,
4039184,,Alpha-bromo-m-toluonitrile,95,FS000810,C8H6BrN,196.04772,In Stock,,,,,95,,
4039186,,3-Bromophenylacetic acid,95,FS000812,C8H7BrO2,215.04779,In Stock,,,,,95,,
4039188,,3-Aminopyrazole,95,FS000814,C3H5N3,83.0934,In Stock,,,,95,115,,
4039189,,N-(2-Bromoethyl)-phthalimide,95,FS000815,C10H8BrNO2,254.08476,In Stock,,,,95,,,
4039191,,Ethyl isonipecotate,95,FS000817,C8H15NO2,157.21425,In Stock,,,,,95,,
4039192,,2-(2-METHYLAMINOETHYL)PYRIDINE,95,FS000818,C8H12N2,136.19824,In Stock,,,,,95,105,
4039193,,5-FORMYLSALICYLIC ACID,95,FS000819,C8H6O4,166.13462,In Stock,,,,95,,,
4039194,,2-BROMOBENZAMIDE,95,FS000820,C7H6BrNO,200.03597,In Stock,,,,,95,,
4039198,,L-Phenylalanine methyl ester hydrochloride,95,FS000824,C10H14ClNO2,215.68158,In Stock,,,,,95,,
4039200,,2-Bromobenzylamine hydrochloride,95,FS000826,C7H9BrClN,222.51348,In Stock,,,,,95,,
4039201,,L-Leucinamide hydrochloride,95,FS000827,C6H15ClN2O,166.65225,In Stock,,,,,95,180,
4039202,,Diethyl 2-(p-tolyl)malonate,95,FS000828,C14H18O4,250.29716,In Stock,,,,95,,,
4039203,,Ethyl 5-bromo-2-chlorobenzoate,95,FS000829,C9H8BrClO2,263.51991,In Stock,,,,,95,125,
4039204,,2-(2-(Benzyloxy)phenyl)acetonitrile,95,FS000830,C15H13NO,223.27696,In Stock,,,,95,,,
4039207,,2-Bromo-4-methylacetanilide,95,FS000833,C9H10BrNO,228.09015,In Stock,,,,95,,,
4039209,,Ethyl 5-methylindole-2-carboxylate,95,FS000835,C12H13NO2,203.24291,In Stock,,,,95,,,
4039210,,4-Iodo-3-nitroanisole,95,FS000836,C7H6INO3,279.03517,In Stock,,,,95,,,
4039211,,4-Iodo-3-nitrotoluene,95,FS000837,C7H6INO2,263.03577,In Stock,,,,,95,,
4039212,,4-Benzylthiosemicarbazone,95,FS000838,C8H11N3S,181.26097,In Stock,,,,95,,,
4039215,,3-Carboxyphenylboronic acid,95,FS000841,C7H7BO4,165.94244,In Stock,,,,95,,,
4039217,,3-Phenyl-2-propyn-1-ol,95,FS000843,C9H8O,132.16351,In Stock,,,,95,,,
4039218,,3-Ethylphenyl isothiocyanate,95,FS000844,C9H9NS,163.24278,In Stock,,,,95,,,
4039219,,5-Octyn-3-ol,95,FS000845,C8H14O,126.20018,In Stock,,,95,,,,
4039220,,Phenelzine sulfate salt,95,FS000846,C8H14N2O4S,234.27578,In Stock,,,,95,,,
4039222,,2-Bromo-3'-chloro-4'methyl propiophenone,95,FS000848,C10H10BrClO,261.5476,In Stock,,,,95,145,,
4039223,,2-Amino-3-bromo-5-methylbenzoic acid,95,FS000849,C8H8BrNO2,230.06246,In Stock,,,,95,,,
4039224,,3-Bromothiophene-2-carboxylic acid,95,FS000850,C5H3BrO2S,207.04646,In Stock,,,,95,,,
4039225,,2-(4-Methoxyphenoxy)thioacetamide,95,FS000851,C9H11NO2S,197.25752,In Stock,,,,95,,,
4039226,,"2-(4-(1,3-dithiolan-2-yl)phenoxy)ethanethioamide",95,FS000852,C11H13NOS3,271.42436,In Stock,,,95,,,,
4039228,,2-(4-t-Butylphenoxy)thioacetamide,95,FS000854,C12H17NOS,223.33939,In Stock,,,,95,,,
4039230,,3-(3-Methylphenyl)propionic acid,95,FS000856,C10H12O2,164.20594,In Stock,,,,95,,,
4039231,,4-(2-Furfuryl)-3-thiosemicarbazide,95,FS000857,C6H9N3OS,171.22213,In Stock,,,,95,,,
4039232,,(R)-(-)-mandelic acid ethyl ester,95,FS000858,C10H12O3,180.20534,In Stock,,,,95,,,
4039233,,N-(4-amino-5-methoxy-2-methylphenyl)benzamide,95,FS000859,C15H16N2O2,256.30697,In Stock,,,,,95,270,
4039234,,(R)-(+)-1-(4-Bromophenyl)ethylamine,95,FS000860,C8H10BrN,200.0796,In Stock,,,,95,445,1295,
4039235,,"Benzo-2,1,3-thiadiazole-4-sulphonyl chloride",95,FS000861,C6H3ClN2O2S2,234.68401,In Stock,,75,95,115,,,
4039236,,4-Methylphenoxyacetonitrile,95,FS000862,C9H9NO,147.17818,In Stock,,,,95,,,
4039237,,2-Bromo-5-iodobenzoic acid,95,FS000863,C7H4BrIO2,326.91713,In Stock,,,,95,,,
4039238,,6-Bromoquinaldine,95,FS000864,C10H8BrN,222.08596,In Stock,,,,95,,,
4039239,,Ethyl 4-[(Hydrazinocarbothioyl)amino]benzoate,95,FS000865,C10H13N3O2S,239.29801,In Stock,,,,95,,,
4039240,,"4-Propargyl thiomorpholine-1,1-dioxide",95,FS000866,C7H11NO2S,173.23522,In Stock,,75,80,95,395,995,
4039241,,2-Phenoxythioacetamide,95,FS000867,C8H9NOS,167.23103,In Stock,,,,95,,,
4039243,,"3-(1,1,2,2-Tetrafluoroethoxy)benzoic acid",95,FS000869,C9H6F4O3,238.13997,In Stock,,,,95,,,
4039244,,3-Methoxyphenylboronic acid,95,FS000870,C7H9BO3,151.95898,In Stock,,,,95,,,
4039245,,2-Bromobenzene-1-sulfonamide,95,FS000871,C6H6BrNO2S,236.08822,In Stock,,,,95,,,
4039247,,"2-(2-Bromophenyl)indane-1,3-dione",95,FS000873,C15H9BrO2,301.14178,In Stock,,,95,,,,
4039248,,"2,3-Pyrazinecarboxylic anhydride",95,FS000874,C6H2N2O3,150.09444,In Stock,,,,95,320,,
4039249,,3-Chloro-4-(trifluoromethylthio)aniline,95,FS000875,C7H5ClF3NS,227.6368,In Stock,,,,95,,,
4039250,,3-(4-Biphenylyl)-N-(t-butoxycarbonyl)-L-alanine,95,FS000876,C20H23NO4,341.41061,In Stock,,,,95,,,
4039251,,3-cyanobenzenesulfonyl chloride,95,FS000877,C7H4ClNO2S,201.63243,In Stock,,,,95,,,
4039252,,"Methyl 4-aminothiophene-2,3-dicarboxylate hydrochloride",95,FS000878,C8H10ClNO4S,251.6902,In Stock,,,95,145,515,1970,
4039255,,4-Acetyl-benzenesulfonyl chloride,95,FS000881,C8H7ClO3S,218.66019,In Stock,,,,,110,,
4039256,,(S)-t-Butyl-decahydro-3-isoquinoline carboxamide,95,FS000882,C14H26N2O,238.37612,In Stock,,,,95,,,
4039257,,3-Bromobenzylamine,95,FS000883,C7H8BrN,186.05251,In Stock,,,,95,,,
4039258,,Pyridin-4-ylboronic acid,95,FS000884,C5H6BNO2,122.92007,In Stock,,,95,130,,,
4039259,,3-Acetylphenylboronic acid,95,FS000885,C8H9BO3,163.97013,In Stock,,,,,95,,
4039260,,1-[(Ammoniooxy)methyl]-4-methoxybenzene hydrochloride,95,FS011886,C8H12ClNO2,189.64334,In Stock,95,155,195,295,895,2950,
4039261,,6-Methylsalicylic acid ethyl ester,95,FS000887,C10H12O3,180.20534,In Stock,,,,95,,,
4039262,,2-Phenoxyphenethylamine,95,FS000888,C14H15NO,213.28175,In Stock,,,,95,115,,
4039264,,2-Acetylphenylboronic acid,95,FS000891,C8H9BO3,163.97013,In Stock,,,,95,,,
4039266,,(4-Methoxycarbonylphenyl)boronic acid,95,FS000893,C8H9BO4,179.96953,In Stock,,,,95,,,
4039267,,2-Cyanophenylboronic acid,90,FS000894,C7H6BNO2,146.94237,In Stock,,,,95,315,915,
4039268,,"4-(Bromomethyl)pyridine, hydrobromide",95,FS000895,C6H7Br2N,252.93739,In Stock,,,,95,,,
4039271,,1H-Tetrazole-5-carboxylic acid ethyl ester sodium salt,95,FS000898,C4H5N4NaO2,164.09985,In Stock,,,,95,,,
4039272,,"(2,2')-Bithiophene-5-boronic acid",95,FS000899,C8H7BO2S2,210.08279,In Stock,,,95,195,,,
4039273,,2-Methoxy-5-methylbenzonitrile,95,FS000900,C9H9NO,147.17818,In Stock,,,,,95,,
4039274,,4-Isopropoxyphenylboronic acid,95,FS000901,C9H13BO3,180.01316,In Stock,,,,95,,,
4039275,,"Methyl(6-methyl-2H-1,4-benzoxazin-3(4H)-one-2-yl)acetate",95,FS000902,C12H13NO4,235.24171,In Stock,,,,95,315,,
4039276,,"4,4,5,5-Tetramethyl-2-(1H-pyrazol-4-yl)-1,3,2-dioxaborolane",95,FS000903,C9H15BN2O2,194.0431,In Stock,,95,95,215,515,1090,
4039277,,2-Bromo-4-methylbenzaldehyde,95,FS000904,C8H7BrO,199.04839,In Stock,,,,95,,,
4039283,,6-methoxy-2H-chromene-3-carboxylic acid,95,FS001301,C11H10O4,206.19995,In Stock,,,95,115,380,,
4039285,,1-(6-methoxy-2H-chromene-3-yl)ethan-1-one,95,FS001303,C12H12O3,204.22764,In Stock,,,95,115,,,
4039286,,"2-[2-[(4,5-dichloro-1H-imidazol-1-yl)methyl]phenoxy]ethanohydrazide",95,FS002303,C12H12Cl2N4O2,315.16104,In Stock,,95,195,295,,,
4039287,,3-Methyl-1-(2-phenylethyl)-2-pyrazolin-5-one,95,FS001304,C12H14N2O,202.25818,In Stock,75,95,195,495,,,
4039288,,[(4-Bromo-3-chlorophenyl)amino]hydrazinomethane-1-thione,95,FS001305,C7H7BrClN3S,280.57494,In Stock,,,95,115,465,,
4039289,,Ethyl 3-[(hydrazinothioxomethyl)amino]benzoate,95,FS001306,C10H13N3O2S,239.29801,In Stock,75,80,95,195,950,3450,
4039290,,1-(3-Methoxyphenoxy)benzene-3-carbohydrazide,95,FS001307,C14H14N2O3,258.27928,In Stock,,,95,115,475,,
4039292,,(2E)-3-(5-bromo(2-thienyl))prop-2-enoic acid,95,FS001300,C7H5BrO2S,233.0847,In Stock,,,95,195,,,
4039293,,3-Hydroxy-5-(3-trifluoromethyl-phenoxy)-benzoic acid methyl ester,95,FS001309,C15H11F3O4,312.24772,In Stock,95,,,950,2950,,
4039294,,1-(6-Methoxy-2H-chromen-3-yl)-propan-1-one,95,FS001311,C13H14O3,218.25473,In Stock,75,80,95,195,,,
4039296,,1-(6-Methoxy-2H-chromen-3-yl)-hexan-1-one,95,FS001312,C16H20O3,260.336,In Stock,,,,95,455,,
4039298,,"5-(aminooxy)pentanoic acid, hydrobromide",90,FS001313,C5H12BrNO3,214.06029,In Stock,75,80,95,195,950,2950,
4039299,,"4-(aminooxy)butanoic acid, hydrobromide",90,FS001314,C4H10BrNO3,200.0332,In Stock,75,80,95,195,950,2950,
4039300,,"(2R)-2-[(methoxycarbonyl)methyl]-4-methylpentanoic acid",95,FS001315,C9H16O4,188.22547,In Stock,,,,950,,,
4039302,,"2-(4-Cyano-phenoxymethyl)-[1,3]dioxolane",95,FS000278,C11H11NO3,205.21522,In Stock,,,,95,240,710,
4039303,,"3-Bromo-1-methyl-1,2,5,6-tetrahydropyridine hydrochloride",95,FS000280,C6H11BrClN,212.51827,In Stock,95,195,295,495,2295,4495,
4039304,,"7-Bromopyrido[2,3-b]pyrazine-2,3(1H,4H)-dione",95,FS000281,C7H4BrN3O2,242.03283,In Stock,75,125,245,495,1995,3495,
4039305,,"6-Bromo-1H-imidazo[4,5-b]pyridin-2(3H)-one",95,FS000286,C6H4BrN3O,214.02228,In Stock,75,95,195,495,1995,2995,
4039308,,"7-Bromo-1H-pyrido[2,3-b][1,4]oxazin-2(3H)-one",90,FS000283,C7H5BrN2O2,229.0341,In Stock,195,,,,2995,5995,
4039311,,(E)-Ethyl 3-(2-bromo-4-(bromomethyl)phenyl)acrylate,97,FS000273,C12H12Br2O2,348.03624,In Stock,,75,,,,,
4039318,,(S)-benzyl 2-(tert-butoxycarbonylamino)-2-(4-(trifluoromethylsulfonyloxy)phenyl)acetate,95,FS000276,C21H22F3NO7S,489.47119,In Stock,,,95,295,1295,3995,
4039321,,"tert-butyl ethyl 2-[(tert-butyl)oxycarbonyl]butane-1,4-dioate",99,FS000288,C15H26O6,302.37087,In Stock,,,95,165,,,
4039322,,"N-(3,4,5-Trimethoxyphenyl)hydrazinecarbothioamide",95,FS000321,C10H15N3O3S,257.31335,In Stock,,,,95,,,
4039323,,"1,1,1-Trifluoro-4-iodobutane",95,FS000322,C4H6F3I,237.99202,In Stock,,,,95,215,,
4039328,,Non-5-yn-3-ol,95,FS000327,C9H16O,140.22727,In Stock,,,,95,215,,
4039329,,Hex-4-yn-3-ol,95,FS000328,C6H10O,98.146,In Stock,,,,95,,,
4039330,,Thiophen-2-ylboronic acid,95,FS000329,C4H5BO2S,127.95825,In Stock,,,,95,,,
4039332,,Quinoline-8-sulfonyl chloride,95,FS000331,C9H6ClNO2S,227.67067,In Stock,,,,95,,,
4039335,,(Z)-Pent-2-en-1-ol,95,FS000334,C5H10O,86.13485,In Stock,,,,,95,,
4039337,,"2,2'-Bithiophene-5-carbothioamide",95,FS000336,C9H7NS3,225.35484,In Stock,,,,195,,,
4039338,,(5-Nitrofuran-2-yl)methyl carbamimidothioate hydrobromide,95,FS000337,C6H8BrN3O3S,282.11696,In Stock,,,,95,,,
4039339,,"3,4-Diethoxybenzohydrazide",95,FS000338,C11H16N2O3,224.26177,In Stock,,,,95,,,
4039340,,Methyl 2-(2-(benzyloxy)-5-bromophenyl)acetate,99,FS000339,C16H15BrO3,335.20015,In Stock,75,95,195,495,2150,4950,
4039341,,5-Nitro-1H-indazole,95,FS000340,C7H5N3O2,163.1368,In Stock,,,,,,95,
4039342,,1-(2-Bromoethyl)-4-nitrobenzene,95,FS000341,C8H8BrNO2,230.06246,In Stock,,,,,95,,
4039347,,"1,3-Diphenylpropan-2-one oxime",95,FS000344,C15H15NO,225.2929,In Stock,,,,,95,,
4039348,,4-(Pyridin-2-yl)benzaldehyde,95,FS000345,C12H9NO,183.21163,In Stock,,,,95,,,
4039349,,(4-(Bromomethyl)phenyl)(trifluoromethyl)sulfane,95,FS000346,C8H6BrF3S,271.10022,In Stock,,,,95,215,,
4039351,,tert-Butyl 5-bromo-1H-indole-1-carboxylate,95,FS000348,C13H14BrNO2,296.16603,In Stock,,,,95,,,
4039355,,4-Phenylbut-3-yn-2-ol,95,FS000001,C10H10O,146.1906,In Stock,,,,95,139,465,
4039359,,"6-Bromo-2-methyl-4H-benzo[d][1,3]oxazin-4-one",95,FS000004,C9H6BrNO2,240.05767,In Stock,75,95,195,495,,,
4039360,,3-(Diethoxymethyl)furan,95,FS000005,C9H14O3,170.21013,In Stock,,,,95,,,
4039361,,1-Chloro-4-(isothiocyanatomethyl)benzene,95,FS000006,C8H6ClNS,183.66072,In Stock,,,,95,,,
4039363,,"2-(3-Bromophenyl)-1,3-dioxolane",95,FS000008,C9H9BrO2,229.07488,In Stock,,,,,95,,
4039364,,1-(Benzo[d]thiazol-2-yl)-2-bromoethanone,95,FS000010,C9H6BrNOS,256.12227,In Stock,,,,195,795,2950,
4039366,,1-(4-Bromo-3-nitrophenyl)ethanone,95,FS000011,C8H6BrNO3,244.04592,In Stock,,,,95,,,
4039367,,4-(4-(Methylsulfonyl)phenyl)-4-oxobutanoic acid,95,FS000009,C11H12O5S,256.27929,In Stock,,,,95,215,,
4039368,,"7-Bromo-2,3-dimethylpyrido[2,3-b]pyrazine",95,FS002004,C9H8BrN3,238.08821,In Stock,,,395,995,2995,4995,
4039371,,8-Bromoisoquinoline,95,FS002007,C9H6BrN,208.05887,In Stock,,75,95,295,995,2995,
4039372,,6-Bromoisoquinoline,95,FS002008,C9H6BrN,208.05887,In Stock,,75,95,195,495,1350,
4039373,,"6-Bromo-[1,2,4]-triazolo[4,3-a]pyridine",95,FS002009,C6H4BrN3,198.02288,In Stock,95,195,295,495,1695,3495,
4039374,,3-Ethynylaniline,95,FS000012,C8H7N,117.15169,In Stock,,,,,95,,
4039375,,4-(Boc-aminomethyl)benzoic acid,95,FS000013,C13H17NO4,251.28474,In Stock,,,,95,,,
4039377,,Ethyl 1-benzyl-3-oxo-4-piperidinecarboxylate hydrochloride,90,FS000015,C15H20ClNO3,297.78455,In Stock,,,95,,,,
4039378,,2-Methoxybenzenesulfonyl chloride,95,FS000016,C7H7ClO3S,206.64904,In Stock,,95,100,155,745,2890,
4039379,,1-(Boc)-3-piperidine-carboxylic acid,95,FS000017,C11H19NO4,229.27838,In Stock,,,,,95,,
4039380,,N-Acetylguanidine,98,FS000018,C3H7N3O,101.10874,In Stock,,,,95,115,165,264
4039382,,1-(4-(Methylsulfonyl)phenyl)ethanone,95,FS000019,C9H10O3S,198.24225,In Stock,,,,95,,,
4039383,,2-Bromo-1-(4-nitrophenyl)ethanone,95,FS000020,C8H6BrNO3,244.04592,In Stock,,,,,95,,
4039384,,3-Amino-5-tert-butylisoxazole,95,FS000021,C7H12N2O,140.18649,In Stock,,,,95,,,
4039386,,2-Methyl-4-Nitropyridine-N-oxide,95,FS000023,C6H6N2O3,154.12632,In Stock,,,,,95,165,
4039387,,1-Benzyl-3-carbethoxy-4-piperidone hydrochloride,90,FS000024,C15H20ClNO3,297.78455,In Stock,,,,,95,215,344
4039388,,3-(Diethylamino)-propionic acid hydrochloride,95,FS000025,C7H16ClNO2,181.66407,In Stock,,,,,,95,
4039390,,4-Amino-2-chloropyridine,95,FS000027,C5H5ClN2,128.562,In Stock,,,,,95,,
4039391,,5-Bromo-2-iodotoluene,95,FS000030,C7H6BrI,296.93427,In Stock,,,,,,95,152
4039397,,7-Bromo-quinazoline,95,FS002014,C8H5BrN2,209.04645,In Stock,95,295,495,950,2995,4995,
4039400,,"7-Bromo-2,4-diaminoquinazoline",95,FS002017,C8H7BrN4,239.07579,In Stock,75,145,245,495,2295,3995,
4039419,,Trifluoroacetamide,95,FS003001,C2H2F3NO,113.03954,In Stock,,,,,,95,152
4039421,,3-Bromo-1-methyl-pyridinium iodide,95,FS003003,C6H7BrIN,299.93779,In Stock,,,95,115,470,,
4039423,,3-Bromo-4-iodobenzoic acid methyl ester,95,FS003005,C8H6BrIO2,340.94422,In Stock,,,,195,895,2495,3992
4039427,,4-Bromoacetanilide,95,FS003009,C8H8BrNO,214.06306,In Stock,,,,,,95,152
4039428,,2-Aminocarbonyl-phenoxyacetic acid,95,FS003010,C9H9NO4,195.17638,In Stock,,,,95,145,255,
4039429,,4-(2'-Aminoethyl)piperidine dihydrochloride,95,FS003011,C7H18Cl2N2,201.14091,In Stock,,95,195,495,1495,2995,
4039430,,"2-(3,4-Dimethylphenyl)-acetonitrile",95,FS003012,C10H11N,145.20587,In Stock,,,,,95,,
4039431,,Cyclododecanol,95,FS003015,C12H24O,184.32448,In Stock,,,,,,95,152
4039432,,2-(4'-Bromophenoxy)-tetrahydropyran,95,FS003016,C11H13BrO2,257.12906,In Stock,,,,,95,,
4039433,,Dibenzyl succinate,95,FS003013,C18H18O4,298.34176,In Stock,,,,,,95,152
4039436,,4-Chlorobenzylamine,95,FS003018,C7H8ClN,141.60151,In Stock,,,,,,95,
4039437,,1-Methyl-4-(3'-aminopropyl)piperazine,95,FS003019,C8H19N3,157.26073,In Stock,,,,95,,,
4039444,,7-Methyl-benzo[b]thiophene,95,FS002055,C9H8S,148.22811,In Stock,,,495,995,1895,,
4039445,,3-Bromo-2-methyl-benzo[b]thiophene,95,FS002037,C9H7BrS,227.12414,In Stock,,95,195,495,1495,4995,
4039453,,5-Bromo-2-iodo-benzo[b]thiophene,95,FS002041,C8H4BrIS,338.99348,In Stock,,,495,1150,2950,4950,
4039455,,6-Bromo-benzo[b]thiophene,93,FS002042,C8H5BrS,213.09705,In Stock,95,245,595,850,3495,4995,
4039459,,2-Iodo-benzo[b]thiophene,95,FS002046,C8H5IS,260.09745,In Stock,,,,950,2450,3950,
4039471,,5-Biphenyl-3-yl-2H-tetrazole,99,FS002208,C13H10N4,222.25145,In Stock,75,145,295,495,1995,,
4039472,,5-Biphenyl-4-yl-2H-tetrazole,99,FS002209,C13H10N4,222.25145,In Stock,75,95,225,395,1895,,
4039473,,4-(2-Methoxy-benzenesulfonyl)-piperazine hydrochloride,99,FS002210,C11H17ClN2O3S,292.78674,In Stock,,95,195,395,1350,2950,
4039474,,4-(2-Bromo-benzenesulfonyl)-piperazine hydrochloride,99,FS002211,C10H14BrClN2O2S,341.65628,In Stock,75,95,135,195,,,
4039475,,4-(2-Trifluoromethoxy-benzenesulfonyl)-piperazine hydrochloride,99,FS002212,C11H14ClF3N2O3S,346.75803,In Stock,75,95,145,295,,,
4039476,,4-(5-Chloro-naphthalene-2-sulfonyl)-piperazine hydrochloride,99,FS002213,C14H16Cl2N2O2S,347.26582,In Stock,75,135,195,,,,
4039477,,4-(4-Bromo-2-ethyl-benzenesulfonyl)-piperazine hydrochloride,99,FS002214,C12H18BrClN2O2S,369.71046,In Stock,75,,,,,,
4039478,,{2-Benzyl-[2-methoxy-benzenesulfonyl)-amino]-ethyl}-dimethylamine hydrochloride,96,FS002215,C18H25ClN2O3S,384.92855,In Stock,75,95,135,195,,,
4039479,,"4-Imidazo[1,2-a]pyrimidin-2-yl-benzonitrile",99,FS004000,C13H8N4,220.23551,In Stock,75,95,135,195,,,
4039480,,"2-Hydroxy-5-imidazo[1,2-a]pyrimidin-2-yl-benzamide",99,FS004001,C13H10N4O2,254.25025,In Stock,75,95,185,395,895,,
4039481,,"2-(3-Bromo-phenyl)-imidazo[1,2-a]pyrimidine",99,FS004002,C12H8BrN3,274.12166,In Stock,75,135,,,,,
4039483,,"2-(4-Nitro-phenyl)-imidazo[1,2-a] pyrimidine",92,FS004004,C12H8N4O2,240.22316,In Stock,75,95,135,195,,,
4039484,,"2-(3-Nitro-phenyl)-imidazo[1,2-a] pyrimidine",96,FS004005,C12H8N4O2,240.22316,In Stock,75,95,135,195,,,
4039485,,"2,2-Difluoro-benzo[1,3]dioxole-5-boronic acid",95,FS005009,C7H5BF2O4,201.9233,In Stock,95,195,395,850,2495,4995,
4039486,,5-(3'-Hydroxyphenyl)-pyridine-3-carboxamide,95,FS005001,C12H10N2O2,214.2257,In Stock,95,295,495,1495,,,
4039487,,"5-(3'-Cyanophenyl)-pyridine-3-carboxylate, ethyl ester",95,FS005002,C15H12N2O2,252.27509,In Stock,75,95,195,,,,
4039488,,4-(Benzo[b]thiophene-3-sulfonyl)-piperazine hydrochloride,95,FS002216,C12H15ClN2O2S2,318.84655,In Stock,75,95,175,,,,
4039489,,1-Benzyl-4-(2-bromo-benzenesulfonyl)-piperazine hydrochloride,95,FS002217,C17H20BrClN2O2S,431.78215,In Stock,75,95,190,390,,,
4039490,,"Thiomorpholine-1,1-dioxide hydrochloride",90,FS002218,C4H10ClNO2S,171.6468,In Stock,75,95,195,395,1695,3250,
4039491,,"2-(4-Bromo-phenyl)-7-methyl-imidazo[1,2-a]pyrimidine",95,FS004006,C13H10BrN3,288.14875,In Stock,75,95,,,,,
4039492,,"2-(3-Bromo-phenyl)-7-methyl-imidazo[1,2-a]pyrimidine",95,FS004007,C13H10BrN3,288.14875,In Stock,75,95,195,,,,
4039493,,"6-(3-Bromo-phenyl)-imidazo[2,1-b]thiazole",95,FS004008,C11H7BrN2S,279.15984,In Stock,75,,,,,,
4039496,,6-Bromo-phthalazine,95,FS002064,C8H5BrN2,209.04645,In Stock,112,142,292,892,2992,,
4039497,,6-Bromoquinazoline,95,FS002067,C8H5BrN2,209.04645,In Stock,95,,,2290,2995,4495,
4039498,,"6,7,8,9-Tetrahydro-5H-cyclohepta[b]pyridine-N-oxide",95,FS002068,C10H13NO,163.22121,In Stock,75,95,159,495,1995,4995,
4039506,,"6,7,8,9-Tetrahydro-5H-cyclohepta[b]pyridine-2-carbonitrile",95,FS002076,C11H12N2,172.23169,In Stock,95,195,595,850,4495,,
4039513,,"7-Bromo-3,4-dihydro-2H-benzo[b]oxepin-5-one",95,FS002085,C10H9BrO2,241.08603,In Stock,,,,195,950,2950,
4039514,,3-Azetidinone hydrochloride,95,FS002083,C3H6ClNO,107.54037,In Stock,95,195,495,795,2295,3995,
4039518,,3-Iodo-4-aminopyridine,95,FS002088,C5H5IN2,220.0134,In Stock,,,95,155,615,2315,3704
4039519,,"7-Bromo-3,4-dihydro-2H-benzo[b]oxepine",95,FS002089,C10H11BrO,227.10257,In Stock,,,,995,2450,4950,
4039520,,"2-(4-Bromo-phenyl)-imidazo[1,2-a]pyridine",99,FS004009,C13H9BrN2,273.13408,In Stock,75,135,195,,,,
4039523,,"6-(4-Bromo-phenyl)-imidazo[2,1-b]thiazole",95,FS004010,C11H7BrN2S,279.15984,In Stock,75,95,145,245,,,
4039525,,2-Iodo-3-methoxybenzo[b]thiophene,95,FS002091,C9H7IOS,290.12394,In Stock,,,,1350,2950,4950,
4039527,,"3,5-Difluoro-4-chlorophenylboronic acid",95,FS005007,C6H4BClF2O2,192.35838,In Stock,95,195,295,495,1995,4995,
4039530,,"3,5-Difluoro-4-methoxy-phenylboronic acid",95,FS005003,C7H7BF2O3,187.93984,In Stock,95,195,295,495,1995,4995,
4039532,,1-Benzyl-4-(2-methoxy-benzenesulfonyl)-piperazine hydrochloride,95,FS002219,C18H23ClN2O3S,382.91261,In Stock,,,95,265,970,2970,
4039533,,"4-Imidazo[1,2-a]pyridin-2-yl-benzonitrile",97,FS004011,C14H9N3,219.24793,In Stock,75,95,145,,,,
4039534,,"2-(3-Bromo-phenyl)-imidazo[1,2-a]pyridine",97,FS004012,C13H9BrN2,273.13408,In Stock,75,115,145,,,,
4039535,,"4-Imidazo[2,1-b]thiazol-6-yl-benzonitrile",98,FS004013,C12H7N3S,225.27369,In Stock,75,105,165,245,,,
4039537,,3-Methyl-4-trifluoromethyl-phenylboronic acid,95,FS005010,C8H8BF3O2,203.95796,In Stock,,,,895,2995,4995,
4039538,,3-Fluoro-4-trifluoromethyl-phenylboronic acid,95,FS005011,C7H5BF4O2,207.9213,In Stock,95,195,295,495,995,2995,
4039539,,3-Trifluoromethyl-4-fluoro-phenylboronic acid,95,FS005012,C7H5BF4O2,207.9213,In Stock,,75,145,295,995,1995,3192
4039552,,4-(2-Bromo-acetyl)-benzoic acid  methyl ester,95,FS005025,C10H9BrO3,257.08543,In Stock,75,80,95,145,650,2250,
4039554,,"5-tert-Butyl-2-[2-(4-fluoro-phenoxy)-ethyl]-2,4-dihydro-pyrazol-3-one",95,FS005027,C15H19FN2O2,278.32928,In Stock,75,95,155,,,,
4039555,,"5-tert-Butyl-2-cycloheptyl-2,4-dihydro-pyrazol-3-one",95,FS005028,C14H24N2O,236.36018,In Stock,75,95,175,,,,
4039556,,"5-tert-Butyl-2-(1-methyl-hexyl)-2,4-dihydro-pyrazol-3-one",95,FS005029,C14H26N2O,238.37612,In Stock,75,135,,,,,
4039557,,4-(3-Bromo-phenyl)-2-phenoxymethyl-thiazole,98,FS005030,C16H12BrNOS,346.24814,In Stock,85,115,195,,,,
4039558,,4-(3-Bromo-phenyl)-2-(4-tert-butyl-phenoxymethyl)-thiazole,98,FS005031,C20H20BrNOS,402.3565,In Stock,85,115,195,,,,
4039559,,"1,3-Dihydro-imidazol-2-one",95,FS005032,C3H4N2O,84.07813,In Stock,95,195,295,695,1950,3995,
4039560,,"4,5-Dimethyl-1,3-dihydro-imidazol-2-one",95,FS005033,C5H8N2O,112.13231,In Stock,75,95,195,495,1950,2950,
4039561,,"4-tert-Butyl-1,3-dihydro-imidazol-2-one",95,FS005034,C7H12N2O,140.18649,In Stock,75,95,195,395,1650,2950,
4039562,,"2-Chloro-N-(3,4-dichloro-benzyl)-benzenesulfonamide",99,FS005035,C13H10Cl3NO2S,350.65315,In Stock,,,95,115,245,,
4039563,,N-(4-Cyano-benzyl)-2-methoxy-benzenesulfonamide,97,FS005036,C15H14N2O3S,302.35443,In Stock,75,95,145,195,450,,
4039564,,N-(4-Bromo-benzyl)-2-methoxy-benzenesulfonamide,99,FS005037,C14H14BrNO3S,356.24058,In Stock,75,95,145,195,550,1950,
4039565,,1-(2-Methoxy-benzenesulfonyl)-4-methyl-piperazine; hydrochloride,95,FS002220,C12H19ClN2O3S,306.81383,In Stock,75,95,195,395,1295,,
4039568,,6-Bromo-benzo[d]thiazole,98,FS002095,C7H4BrNS,214.08463,In Stock,,75,95,195,850,2495,
4039573,,N-(t-Butoxycarbonyl)-hydroxylamine,98,FS000031,C5H11NO3,133.14832,In Stock,,,,,95,200,
4039574,,Benzothiophene-2-boronic acid,97,FS000032,C8H7BO2S,178.01879,In Stock,,,95,115,315,715,
4039576,,4-cyano-phenyl-boronic acid,95,FS000034,C7H6BNO2,146.94237,In Stock,,,,95,315,,
4039577,,Fmoc-D-methionine,95,FS000035,C20H21NO4S,371.45867,In Stock,,,,,95,210,
4039580,,2-Amino-4-hydroxymethyl-pyrimidine,95,FS000710,C5H7N3O,125.13104,In Stock,,,895,1915,6209,,
4039588,,2-Chloro-4-bromo-6-trifluoromethoxyaniline,95,FS001400,C7H4BrClF3NO,290.46823,In Stock,,,,95,290,950,1520
4039592,,3-(Difluoromethoxy)-benzeneboronic acid,95,FS000795,C7H7BF2O3,187.93984,In Stock,,195,395,950,2495,4995,7992
4039595,,"3-(4,4,5,5-Tetramethyl-[1,3,2]dioxaborolan-2-yl)-phenylethynyl-trimethylsilane",95,FS000549,C17H25BO2Si,300.2846,In Stock,,,495,850,2495,3995,
4039597,,"5-Iodo-2-methyl-1,3-benzothiazole",95,FS000656,C8H6INS,275.11212,In stock,75,145,295,895,2450,,
4039599,,(6-Chloro-pyridin-3-yl)propan-2-one,95,FS011484,C8H8ClNO,169.61206,In Stock,,,,495,1950,5995,
4039600,,(6-chloropyridin-2-yl)acetic acid,95,FS011485,C7H6ClNO2,171.58437,In Stock,95,295,495,850,2495,4995,
4039609,,4-(1-Pyrrolidino)-benzaldehyde,95,FS000037,C11H13NO,175.23236,In Stock,,,,95,,,
4039610,,"3,4-Dimethoxybenzyl isothiocyanate",95,FS000038,C10H11NO2S,209.26867,In Stock,,,,95,,,
4039611,,(2-Methoxy-5-phenyl)phenyl isothiocyanate,95,FS000039,C14H11NOS,241.31387,In Stock,,,,,99,,
4039614,,N-Boc-7-Aminoheptanoic acid,95,FS000042,C12H23NO4,245.32141,In Stock,,,95,,,,
4039615,,4-Methoxybenzenesulfonyl chloride,99,FS000043,C7H7ClO3S,206.64904,In Stock,,,,,,95,
4039616,,3-Nitrophenyl isothiocyanate,95,FS000044,C7H4N2O2S,180.18613,In Stock,,,,,95,,
4039617,,4-Fluorophenyl isothiocyanate,95,FS000045,C7H4FNS,153.17903,In Stock,,,,,,95,
4039618,,N-Fmoc-6-Aminohexanoic acid,95,FS000046,C21H23NO4,353.42176,In Stock,,,,90,,,
4039622,,"6-(4,4,5,5-Tetramethyl1,3,2-dioxaboralan-2-yl)-2,3-dihydroinden-1-one",95,FS010909,C15H19BO3,258.12788,In Stock,95,195,295,495,2295,5995,
4039629,,(3-Methylenecyclobutyl)methanamine Hydrochloride,95,FS005040,C6H12ClN,133.62224,In Stock,,,,950,2550,3950,
4039630,,N'-Hydroxy-3-methylenecyclobutanecarboximidamide,93,FS005041,C6H10N2O,126.1594,In Stock,75,145,295,895,1995,3995,
4039636,,N-Bromoacetylazetidine,95,FS002099,C5H8BrNO,178.02961,In Stock,,,495,895,2995,5990,
4039661,,2-Chloro-4-bromo-benzenesulfonyl chloride,95,FS000062,C6H3BrCl2O2S,289.96361,In Stock,,,,95,,,
4039662,,"1-Boc-1,4-diazepane",95,FS000063,C10H20N2O2,200.2831,In Stock,,,,95,,,
4039663,,L-Isoleucine t-butyl ester hydrochloride,95,FS000064,C10H22ClNO2,223.74534,In Stock,,,,95,,,
4039664,,omega-Nitro-Boc-D-Arginine,95,FS000065,C11H21N5O6,319.31992,In Stock,,,,95,395,,
4039665,,"Benzyl (2R,3S)-(-)-6-oxo-2,3-diphenyl-4-morpholine-carboxylate",98,FS000067,C24H21NO4,387.43927,In Stock,,,95,215,,,
4039666,,4-Cyano-phenyl-isothiocyanate,95,FS000068,C8H4N2S,160.19848,In Stock,,,,95,,,
4039667,,"(R)-5-Imino-14,14-dimethyl-3,12-dioxo-1-phenyl-2,13-dioxa-4,6,11-triazapentadecane-10-carboxylic acid",95,FS000069,C19H28N4O6,408.45821,In Stock,,,,95,,,
4039668,,L-Leucine t-butyl ester hydrochloride,95,FS000070,C10H22ClNO2,223.74534,In Stock,,,,95,,,
4039669,,Boc-Phenylglycine,95,FS000066,C13H17NO4,251.28474,In Stock,,,,95,,,
4039681,,"6-Bromo-3-methyl-1,2,4-triazolo[4,3-a]-pyridine",95,FS004014,C7H6BrN3,212.04997,in stock,,95,195,495,1995,3995,
4039685,,3-(3-Bromophenyl)-cyclobutanone,95,FS011500,C10H9BrO,225.08663,In Stock,95,195,295,495,1995,3995,
4039690,,"3-Aminoisothiazolo[3,4-b]pyridine",95,FS000682,C6H5N3S,151.19085,In Stock,95,295,595,950,1995,6495,
4039691,,"3-Bromoisothiazolo[3,4-b]pyridine",95,FS000686,C6H3BrN2S,215.07221,In Stock,295,995,1495,2995,,,
4039694,,4-Hydroxy-cinnoline,95,FS002114,C8H6N2O,146.14982,In Stock,75,95,195,495,1995,3495,
4039698,,4-Cyclopropyl-bromobenzene,95,FS004200,C9H9Br,197.07608,In Stock,75,95,195,395,1795,3995,
4039699,,4-Cyclopropyl-benzeneboronic acid,95,FS004201,C9H11BO2,161.99782,In Stock,75,95,195,495,2295,4995,
4039701,,2-Hydrazino-5-bromopyridine,95,FS005000,C5H6BrN3,188.02767,In Stock,,,,295,950,1950,3120
4039708,,"4H-Furo[3,2-b]pyrrole-5-carboxylic acid",95,FS000697,C7H5NO3,151.1228,In Stock,95,195,395,850,2995,5995,
4039711,,2-Cyclobutyl-azepane oxalate,95,FS005059,C22H40N2O4,396.5751,In Stock,75,95,195,495,1950,4950,
4039721,,"7,12-Dioxa-spiro[5.6]dodec-9-ene",95,FS001679,C10H16O2,168.23782,In Stock,,,,495,1995,3995,
4039724,,"Trans-4-bromo-1,1-dioxo-tetrahydrothiophen-3-ol",95,FS001005,C4H7BrO3S,215.06659,In Stock,,,,95,395,1250,
4039726,,Na-Fmoc-Ne-Boc-L-lysine,95,FS000049,C26H32N2O6,468.55474,In Stock,,,,95,,,
4039728,,"a,3'-Dibromoacetophenone",95,FS000051,C8H6Br2O,277.94442,In Stock,,,,,125,,
4039729,,"2,4'-Dibromoacetophenone",95,FS000052,C8H6Br2O,277.94442,In Stock,,,,,95,195,
4039730,,4-Bromo-3-methylbenzonitrile,95,FS000053,C8H6BrN,196.04772,In Stock,,,,95,,,
4039731,,2-(Trifluoromethoxy)benzenesulphonyl chloride,95,FS000054,C7H4ClF3O3S,260.62033,In Stock,,,,95,240,,
4039733,,Benzo[b]thiophene-2-carboxylic acid,95,FS000056,C9H6O2S,178.21097,In Stock,,,,95,,,
4039734,,2-Fluorophenylboronic acid,95,FS000050,C6H6BFO2,139.92292,In Stock,,,,95,200,,
4039736,,2-Amino-4-bromopyridine,95,FS001007,C5H5BrN2,173.013,In Stock,75,95,195,495,995,2995,
4039737,,5-Bromo-2-chloro-3-nitro-pyridine,95,FS001008,C5H2BrClN2O2,237.44089,In Stock,,75,80,95,380,1450,2320
4039738,,4-Bromo-2-nitro-benzaldehyde,95,FS000301,C7H4BrNO3,230.01883,In Stock,75,95,145,295,1295,3495,5592
4039740,,3-Amino-pyridine-2-carbonitrile,95,FS001009,C6H5N3,119.12685,In Stock,75,95,195,295,1295,3995,
4039741,,2-Chloro-isonicotinonitrile,95,FS000570,C6H3ClN2,138.55721,In Stock,,,,95,,,
4039742,,2-Chloro-isonicotinic acid,95,FS000571,C6H4ClNO2,157.55728,In Stock,,,,95,,,
4039744,,2-Ethoxy-benzenesulfonyl chloride,95,FS000910,C8H9ClO3S,220.67613,In Stock,,95,195,295,995,2950,
4039746,,2-Difluoromethoxy-benzenesulfonyl chloride,95,FS000912,C7H5ClF2O3S,242.6299,In Stock,,,495,850,3995,6995,
4039770,,"1,1-Dioxo-tetrahydrothiophen-3-ylamine, hydrochloride",95,FS001006,C4H10ClNO2S,171.6468,In Stock,,,95,165,570,1670,
4039772,,"Thieno[2,3-d]pyridazine",95,FS002110,C6H4N2S,136.17618,In Stock,75,95,195,495,1995,4995,
4039784,,"5-Bromo-1,1-(ethylenedioxo)-indane",95,FS011314,C11H11BrO2,255.11312,In Stock,95,195,295,495,1995,4995,
4039797,,Bis(2-carboxyphenyl)diselenide,95,FS000075,C14H10O4Se2,400.1534,In Stock,150,295,595,950,4950,,
4039798,,Bis(4-carboxyphenyl)diselenide,95,FS000076,C14H10O4Se2,400.1534,In Stock,95,195,395,895,,,
4039799,,Bis(4-aminophenyl)diselenide,95,FS000077,C12H12N2Se2,342.16284,In Stock,95,195,495,950,,,
4039800,,Bis(2-carboxyphenyl)selenide,95,FS000078,C14H10O4Se,321.1934,In Stock,95,195,595,895,,,
4039803,,3-Acetyl-benzoic acid methyl ester,95,FS005060,C10H10O3,178.1894,In Stock,75,145,295,495,2295,4995,
4039804,,3-(2-Bromo-acetyl)-benzoic acid methyl ester,95,FS005061,C10H9BrO3,257.08543,In Stock,95,195,295,495,1995,5995,
4039805,,3-Bromo-6-chloro-2-methyl-pyridine,95,FS001025,C6H5BrClN,206.47045,In Stock,,,,95,395,1495,2392
4039812,,"5-Bromo-quinazoline-2,4-diamine",95,FS020176,C8H7BrN4,239.07579,In Stock,95,195,295,495,1995,,
1701406806,,"7-Chloro-3,4-dihydro-2H-benzo[b]oxepin-5-one",95,FS002118,C10H9ClO2,196.63503,In Stock,,,,195,950,2950,
1701406807,,Isothiazole,95,FS000701,C3H3NS,85.12806,In Stock,,,95,295,1295,2995,
1701406809,,"2,4-Dibromo-pyridine",95,FS001026,C5H3Br2N,236.89436,In Stock,,,95,115,470,1670,2672
1701406813,,CML,95,FS810003,C8H16N2O4,204.22772,In Stock,950,,,,,,
1701406814,,d4-CML,95,FS810004,C8H12N2O4D4,208.25184,In Stock,,,,,,,
1701406817,,4-Nitro-isothiazole,95,FS000717,C3H2N2O2S,130.12559,In Stock,95,295,495,1950,3995,,
1701406819,,2-Cyano-pentanedioic acid diethyl ester,95,FS001693,C10H15NO4,213.23535,In Stock,,,,125,495,1495,2392
1701406821,,(2R)-2-[(ethoxycarbonyl)methyl]-4-methylpentanoic acid,95,FS001316,C10H18O4,202.25256,In Stock,,95,145,295,,,
1701406822,,1-Boc-3-(hydroxy)azetidine,98,FS011275,C8H15NO3,173.21365,In Stock,,,95,115,215,395,632
1701406823,,"4-Aminomethylphenylboronic acid, hydrogen chloride",95,FS011490,C7H11BClNO2,187.43522,In Stock,,,,95,315,915,
1701406827,,R-3-(Boc-amino)piperidine,98,FS011283,C10H20N2O2,200.2831,In Stock,,75,95,195,495,995,
1701406828,,S-3-(Boc-amino)piperidine,98,FS011282,C10H20N2O2,200.2831,In Stock,,75,95,195,795,1995,
1701406832,,2-Trifluoromethyl-pyrimidine-4-carboxylic acid methyl ester,98,FS020013,C7H5F3N2O2,206.1253,In Stock,,,,295,1295,3450,
1701406837,,(S)3-Amino-1-Boc-piperidine,98,FS011280,C10H20N2O2,200.2831,In Stock,,,,195,495,1550,
1701406840,,(R)-3-Methyl-1-Boc-piperazine,98,FS011292,C10H20N2O2,200.2831,In Stock,,,95,175,415,810,
1701406842,,(R)3-Aminomethyl-piperidine-1-carboxylic acid tert-butyl ester,98,FS011279,C11H22N2O2,214.31019,In Stock,,,,395,995,3495,
1701406843,,(S)3-Aminomethyl-piperidine-1-carboxylic acid tert-butyl ester,98,FS011278,C11H22N2O2,214.31019,In Stock,,,,395,950,3450,
1701406845,,Boc-Azetidine-3-carboxylic acid,98,FS011295,C9H15NO4,201.2242,In Stock,75,80,85,95,395,995,
1701406849,,6-Aminooxy-hexanoic acid; hydrobromide,95,FS001318,C6H14BrNO3,228.08738,In Stock,75,80,95,495,1495,3950,
1701406850,,"N*2*-Cyclopropyl-pyridine-2,3-diamine",95,FS001027,C8H11N3,149.19697,In Stock,,95,195,495,1950,3450,
1701406851,,Cyclobutylphenylsulfide,95,FS005057,C10H12S,164.27114,In Stock,,,,495,1950,3950,
1701406853,,"3-Bromo-2,6-dimethyl-pyridine",95,FS001028,C7H8BrN,186.05251,In Stock,,,,95,395,1250,2000
1701406858,,"5-Chloro-3,4-diaminopyridine",95,FS001029,C5H6ClN3,143.57667,In Stock,95,295,395,850,1995,3995,
1701406859,,"5-Bromo-3,4-diaminopyridine",95,FS001030,C5H6BrN3,188.02767,In Stock,95,195,495,950,1995,2995,4792
1701406860,,"4,5-Dimethyl-1H-imidazole; hydrochloride",95,FS001690,C5H9ClN2,132.59388,In Stock,75,95,195,495,1995,3995,
1701406861,,"7-Chloro-1H-imidazo[4,5-c]pyridine",95,FS001031,C6H4ClN3,153.57188,In Stock,95,295,595,850,3995,9995,
1701406862,,"7-Bromo-1H-imidazo[4,5-c]pyridine",95,FS000624,C6H4BrN3,198.02288,In Stock,95,195,295,495,1995,4995,
1701406863,,"7-Bromo-2-methyl-1H-imidazo[4,5-c]pyridine",95,FS000625,C7H6BrN3,212.04997,In Stock,,,,1195,3995,9995,
1701406864,,"6-Bromo-2-trifluoromethyl-3H-imidazo[4,5-b]pyridine",95,FS000631,C7H3BrF3N3,266.02126,In Stock,75,125,245,495,1995,3995,
1701406866,,"7-Bromo-1,3-dihydro-imidazo[4,5-c]pyridin-2-one",95,FS001033,C6H4BrN3O,214.02228,In Stock,,,895,1495,3995,,
1701406867,,"8-Bromo-pyrido[3,4-b]pyrazine",95,FS001034,C7H4BrN3,210.03403,In Stock,95,245,495,950,2995,6995,
1701406871,,4-Bromothiazole,95,FS000572,C3H2BrNS,164.02409,In Stock,,,,295,995,1995,
1701406872,,5-Bromothiazole,95,FS000573,C3H2BrNS,164.02409,In Stock,,,,495,1695,2995,
1701406876,,(6-Chloro-pyridin-2-yl)-acetonitrile,95,FS011420,C7H5ClN2,152.5843,In Stock,75,95,195,495,1995,4495,
1701406885,,O-Cyclobutyl-hydroxylamine hydrochloride,95,FS001325,C4H10ClNO,123.5834,In Stock,95,195,395,895,2995,5995,
1701406895,,O-(4-Fluoro-benzyl)-hydroxylamine hydrochloride,95,FS001336,C7H9ClFNO,177.60728,In stock,,75,195,295,995,3495,
1701406897,,O-(3-Fluoro-benzyl)-hydroxylamine hydrochloride,95,FS001338,C7H9ClFNO,177.60728,In Stock,,75,195,295,995,3495,
1701406902,,1-Boc-2-Cbz-hydrazine,95,FS002304,C13H18N2O4,266.29941,In Stock,,95,195,495,1295,2995,
1701406903,,Dimethyl-(3-phenyl-but-3-enyl)-amine,90,FS010915,C12H17N,175.27599,In Stock,,,295,495,2295,4995,
1701406904,,1-Cbz-4-methylene-piperidine,95,FS010916,C14H17NO2,231.29709,In Stock,,,245,495,1995,3995,
1701406905,,1-Boc-4-Methylene-piperidine,97,FS010917,C11H19NO2,197.27958,In Stock,,,,295,995,2495,
1701406911,,"2,5-Dibromo-3-nitro-pyridine",95,FS001039,C5H2Br2N2O2,281.89189,In Stock,75,145,245,495,1395,2995,
1701406916,,5-Amino-2-(trifluoromethyl)pyridine,95,FS001043,C6H5F3N2,162.11535,In Stock,,,95,145,515,1870,
1701406918,,5-Bromo-2-methoxy-4-methylpyridine,95,FS001045,C7H8BrNO,202.05191,In Stock,,,,95,215,770,1232
1701406920,,(6-Chloro-pyridin-2-yl)-acetic acid methyl ester,95,FS011495,C8H8ClNO2,185.61146,In Stock,,,595,850,3495,8995,
1701406923,,2-Phenethyl-phosphonic acid,95,FS001504,C8H11O3P,186.14887,In Stock,95,195,395,950,2450,3950,
1701406924,,(1-Phenyl-ethyl)-phosphonic acid,95,FS001505,C8H11O3P,186.14887,In Stock,95,195,495,850,2450,3950,
1701406926,,(4-Methyl-benzyl)-phosphonic acid,95,FS001507,C8H11O3P,186.14887,In Stock,95,195,595,950,1995,3995,
1701406927,,3-Amino-3-methyl-1-butyne,95,FS001800,C5H9N,83.13418,In Stock,,,,,115,495,
1701406932,,2-Amino-3-(trifluoromethyl)pyridine,98,FS001048,C6H5F3N2,162.11535,In Stock,,75,95,195,495,995,1592
1701406933,,6-Trifluoromethyl-nicotinic acid,95,FS001049,C7H4F3NO2,191.11063,In Stock,75,80,145,295,995,1995,3192
1701406934,,4-Cyano-2-fluoropyridine,95,FS001050,C6H3FN2,122.10261,In Stock,,75,95,145,590,1850,2960
1701406935,,(S)-5-(3-Isobutyl-piperazine-1-sulfonyl)-isoquinoline dihydrochloride,95,FS002224,C17H25Cl2N3O2S,406.3777,In Stock,495,995,1495,2495,4495,,
1701406939,,1-(4-Ethynyl-phenyl)-ethanone,95,FS001806,C10H8O,144.17466,In Stock,75,95,145,295,895,2495,
1701406971,,"2-Methoxy-3,5-difluoro-benzeneboronic acid",95,FS000758,C7H7BF2O3,187.93984,In Stock,,95,195,495,995,3495,
1701406975,,"2-(4-Methoxymethoxy-phenyl)-4,4,5,5-tetramethyl-[1,3,2]dioxaborolane",95,FS000552,C14H21BO4,264.13207,In Stock,,,,495,1995,3495,
1701406980,,"Dimethyl-{3-[5-(4,4,5,5-tetramethyl-[1,3,2]dioxaborolan-2-yl)-pyridin-2-yloxy]-propyl}-amine",95,FS000579,C16H27BN2O3,306.21619,In Stock,,,,895,1895,3995,
1701406982,,"2-[3-(4,4,5,5-Tetramethyl-[1,3,2]dioxaborolan-2-yl)-allyloxy]-tetrahydro-pyran",95,FS000575,C14H25BO4,268.16395,In Stock,,,,495,1995,3995,
1701406984,,"[4-(4,4,5,5-Tetramethyl-[1,3,2]dioxaborolan-2-yl)-phenoxy]-acetonitrile",95,FS000580,C14H18BNO3,259.11546,In Stock,75,95,195,395,950,1950,
1701406987,,"3-Methyl-4-(4,4,5,5-tetramethyl-[1,3,2]dioxaborolan-2-yl)-1H-pyrazole",95,FS000568,C10H17BN2O2,208.07019,In Stock,75,195,295,495,1995,3495,
1701406992,,2-Amino-pyrimidine-5-boronic acid,95,FS000587,C4H6BN3O2,138.92232,In Stock,95,195,295,495,1495,3995,
1701407003,,2-(Difluoromethoxy)-benzeneboronic acid,90,FS000772,C7H7BF2O3,187.93984,In Stock,,295,475,1195,2795,4695,
1701407006,,3-Fluoro-4-methoxy-benzeneboronic acid,90,FS000767,C7H8BFO3,169.94941,In Stock,75,145,295,495,1995,3995,
1701407009,,5-Amino-3-methyl-isothiazole-4-carbonitrile,95,FS000662,C5H5N3S,139.1797,In Stock,,,95,295,995,2995,
1701407011,,Isoquinoline-5-sulfonyl chloride; hydrochloride,95,FS000325,C9H7Cl2NO2S,264.13164,In Stock,,,,295,795,2995,
1701407013,,"4-Chloro-6,7-bis-(2-methoxy-ethoxy)-quinazoline",95,FS020186,C14H17ClN2O4,312.75559,In Stock,95,195,295,695,1295,1295,2072
1701407015,,4-Bromo-2-hydroxybenzaldehyde,95,FS000352,C7H5BrO2,201.0207,In Stock,75,95,195,395,1695,3495,5592
1701407017,,2-Fluoro-4-methyl-5-nitro-pyridine,95,FS001042,C6H5FN2O2,156.11735,In Stock,,,95,115,365,1015,
1701407020,,"4-(4-Bromo-phenyl)-1,3-dihydro-imidazol-2-one",95,FS005052,C9H7BrN2O,239.07294,In Stock,75,95,195,495,1495,2995,
1701407023,,2-Bromophenacyl bromide,95,FS000057,C8H6Br2O,277.94442,In Stock,,,,95,395,995,
1701407024,,Dipropargylamine,97,FS001811,C6H7N,93.12939,In Stock,,,,195,945,3495,
1701407026,,2-Fluoro-3-trifluoromethyl-pyridine,95,FS001053,C6H3F4N,165.09111,In Stock,,,,,,1150,
1701407033,,2-Fluoro-4-trifluoromethyl-pyridine,95,FS001060,C6H3F4N,165.09111,In Stock,,,,,950,2950,
1701407042,,2-Chloro-6-trifluoromethyl-pyridine,95,FS001071,C6H3ClF3N,181.54571,In Stock,,,95,115,390,1170,
1701407043,,3-Bromo-4-trifluoromethyl-pyridine,95,FS001074,C6H3BrF3N,225.99671,In Stock,,,,,2995,4495,
1701407047,,3-Fluoro-4-trifluoromethyl-pyridine,95,FS001077,C6H3F4N,165.09111,In Stock,,,95,295,1995,2995,
1701407052,,5-Chloro-2-trifluoromethylpyridine,97,FS001082,C6H3ClF3N,181.54571,In Stock,,,95,295,495,1495,
1701407053,,6-Trifluoromethyl-pyridin-3-ol,95,FS001085,C6H4F3NO,163.10008,In Stock,75,95,195,395,895,1995,
1701407056,,5-Fluoro-2-trifluoromethyl-pyridine,95,FS001084,C6H3F4N,165.09111,In Stock,,,,295,995,1995,
1701407058,,6-Bromo-2-methyl-3-nitro-pyridine,95,FS001089,C6H5BrN2O2,217.02295,In Stock,75,80,95,145,495,995,1592
1701407060,,4-bromothiophene-2-acetic acid,95,FS001088,C6H5BrO2S,221.07355,In Stock,75,145,295,495,1995,3995,
1701407062,,4-Bromo-benzo[c]isothiazole,95,FS000727,C7H4BrNS,214.08463,In Stock,,,,950,2950,4950,
1701407072,,"4-Phenyl-1,3-dihydro-imidazol-2-one",95,FS005063,C9H8N2O,160.17691,In Stock,75,95,195,495,1495,2995,
1701407074,,3-Amino-5-bromo-2-chloropyridine,95,FS001083,C5H4BrClN2,207.45803,In Stock,75,95,195,495,1995,3995,6392
1701407075,,"(R)-1,4-Diazobicyclo[4.3.0]nonane",98,FS011269,C7H14N2,126.20303,In Stock,,,245,495,1495,5495,
1701407076,,1-Boc-3-(iodo)azetidine,98,FS011267,C8H14INO2,283.11068,In Stock,,,,145,395,995,
1701407078,,1-Boc-azetidin-3-one,98,FS011268,C8H13NO3,171.19771,In Stock,,75,95,195,450,995,1592
1701407079,,1-Boc-3-azetidinecarboxaldehyde,98,FS011266,C9H15NO3,185.2248,In Stock,,,,495,890,2595,
1701407085,,4-Bromo-2-methylpyridine,95,FS061083,C6H6BrN,172.02542,In Stock,,,,195,850,1995,
1701407086,,4-Bromopyridine-2-carboxylic acid,95,FS061087,C6H4BrNO2,202.00828,In Stock,75,95,145,295,995,2495,
1701407087,,2-(Boc-amino)-4-bromopyridine,95,FS061088,C10H13BrN2O2,273.13131,In Stock,95,125,250,495,1995,3995,
1701407104,,1-Methyl-pyrazole-4-boronic acid pinacol ester,95,FS010803,C10H17BN2O2,208.07019,In Stock,75,80,95,195,495,1495,
1701407106,,2-Acetamidopyridine-5-boronic acid,95,FS010798,C7H9BN2O3,179.97238,In Stock,95,195,295,495,2395,4995,
1701407107,,4-Cyanomethoxyphenylboronic acid,95,FS010796,C8H8BNO3,176.96886,In Stock,95,245,395,850,2995,5995,
1701407108,,3-Cyanomethoxyphenylboronic acid,95,FS010795,C8H8BNO3,176.96886,In Stock,95,195,295,495,2395,4995,
1701407111,,2-Cyanomethoxyphenylboronic acid,95,FS010797,C8H8BNO3,176.96886,In Stock,95,295,495,950,3995,7995,
1701407112,,4(tert-Butoxycarbonyl-N-methylamino)-phenylboronic acid,95,FS010794,C12H18BNO4,251.09256,In Stock,,,,495,1450,2950,
1701407114,,1-tert-Butoxycarbonyl-1H-pyrazole-4-boronic acid,95,FS010790,C8H13BN2O4,212.01481,In Stock,95,195,295,495,1995,3995,
1701407116,,"2-(3-Bromo-phenyl)-7-trifluoromethyl-imidazo[1,2-a]pyridine",95,FS004032,C14H8BrF3N2,341.13246,In Stock,95,195,595,850,2995,4995,
1701407120,,"8-Trifluoromethyl-imidazo[1,2-a]pyridine",95,FS004037,C8H5F3N2,186.13765,In Stock,75,95,195,295,990,1980,
1701407129,,"6-Trifluoromethyl-imidazo[1,2-a]pyridine",95,FS004023,C8H5F3N2,186.13765,In Stock,75,95,195,295,990,1980,
1701407141,,"4-Bromo-2,6-dimethyl-pyridine",95,FS001052,C7H8BrN,186.05251,In Stock,,75,95,195,395,1250,
1701407152,,"6-Bromo-imidazo[1,2-a]pyrimidine",95,FS004044,C6H4BrN3,198.02288,In Stock,,,95,175,710,2290,
1701407165,,2-Chloro-pteridin,95,FS000304,C6H3ClN4,166.57061,In Stock,,,,1095,2950,5950,
1701407168,,"6-Methyl-7,9-dihydro-purin-8-one",95,FS000307,C6H6N4O,150.14092,In Stock,,,,1250,2950,6950,
1701407185,,2-Amino-4-chloropyridine,95,FS001111,C5H5ClN2,128.562,In Stock,75,95,145,295,950,1950,3120
1701407186,,3-Amino-5-fluoropyridine,95,FS001110,C5H5FN2,112.1074,In Stock,,,,295,495,1295,
1701407188,,But-3-ynylamine hydrochloride,95,FS001818,C4H8ClN,105.56806,In Stock,75,95,195,395,1495,5495,
1701407189,,5-Chloromethyl-2-pyrazol-1-yl-pyridine,95,FS000754,C9H8ClN3,193.63721,In Stock,,,,495,1950,6950,
1701407195,,3-Chloro-6-methyl-pyridazine-4-carboxylic acid,95,FS012212,C6H5ClN2O2,172.57195,In Stock,95,195,495,995,2495,3995,
1701407210,,1-(3-Bromo-2-fluoro-phenyl)-ethanone,95,FS005071,C8H6BrFO,217.03882,In Stock,,,295,495,950,1950,3120
1701407217,,3-Bromo-2-fluoropyridine,95,FS001113,C5H3BrFN,175.98876,In Stock,,,,95,295,995,
1701407221,,2-Methoxy-pyridine-4-carbaldehyde,95,FS005104,C7H7NO2,137.13934,In Stock,,,395,995,1995,3995,
1701407227,,5-Azaindole,95,FS002125,C7H6N2,118.13927,In Stock,75,125,245,495,1595,3495,5592
1701407228,,6-Azaindole,95,FS002126,C7H6N2,118.13927,In Stock,,75,95,195,850,2950,
1701407231,,2-Bromo-5-fluoropyrimidine,95,FS000598,C4H2BrFN2,176.97634,In Stock,75,195,395,495,995,1995,
1701407234,,5-Trifluoromethyl-pyridine-3-boronic acid,95,FS030003,C6H5BF3NO2,190.91845,In Stock,95,195,395,895,3995,8995,
1701407235,,2-Trifluoromethyl-pyridine-5-boronic acid,95,FS000599,C6H5BF3NO2,190.91845,In Stock,95,195,295,495,1995,3995,
1701407236,,"2,6-Dimethyl-pyridine-4-boronic acid",95,FS000785,C7H10BNO2,150.97425,In Stock,95,295,395,950,2495,4995,
1701407243,,"7-Bromo-2-(4-fluoro-phenyl)-imidazo[1,2-a]pyridine",95,FS004081,C13H8BrFN2,291.12451,In Stock,95,195,295,495,1995,3995,
1701407261,,5-Fluoro-2-trifluoromethyl-phenylboronic acid,95,FS007000,C7H5BF4O2,207.9213,In Stock,95,195,295,495,1995,5995,
1701407268,,4-Fluoro-2-trifluoromethyl-phenylboronic acid,95,FS007001,C7H5BF4O2,207.9213,In Stock,95,195,295,495,1995,4995,
1701407270,,2-Methyl-3-trifluoromethyl-phenylboronic acid,95,FS007002,C8H8BF3O2,203.95796,In Stock,95,245,495,850,3495,7995,
1701407276,,"1-Bromo-3,5-difluoro-2-methoxy-benzene",95,FS000354,C7H5BrF2O,223.0181,In Stock,,,,95,145,465,
1701407278,,4-Methyl-3-trifluoromethyl-phenylboronic acid,95,FS007003,C8H8BF3O2,203.95796,In Stock,95,245,595,950,2995,4995,
1701407279,,2-Methyl-5-trifluoromethyl-phenylboronic acid,95,FS007004,C8H8BF3O2,203.95796,In Stock,95,245,395,850,3495,5995,
1701407290,,"1,4-Dithia-8-aza-spiro[4.6]undecane, hydrochloride",90,FS007015,C8H16ClNS2,225.80442,In Stock,75,95,195,295,995,3995,
1701407327,,2-Fluoro-4-methyl-pyridin-3-ylamine,95,FS007053,C6H7FN2,126.13449,In Stock,95,195,495,950,1995,3995,
1701407329,,5-Bromo-2-chloro-4-methyl-3-nitro-pyridine,95,FS007055,C6H4BrClN2O2,251.46798,In Stock,95,195,295,495,1395,2995,
1701407345,,2-Fluoro-6-(difluoromethoxy)pyridine,95,FS007069,C6H4F3NO,163.10008,In Stock,,195,495,950,,,
1701407349,,"Azetidin-1-yl-(4-bromo-pyridin-2-yl)-methanone",95,FS007071,C9H9BrN2O,241.08888,In Stock,195,295,495,995,,,
1701407375,,(R)-1-Boc-3-(hydroxymethyl)piperidine,98,FS007097,C11H21NO3,215.29492,In Stock,,,95,195,295,895,
1701407376,,2-Chlorothiophene-3-boronic acid,95,FS000316,C4H4BClO2S,162.40328,In Stock,75,95,195,495,1495,2995,
1701407378,,(S)-1-Boc-3-(hydroxymethyl)piperidine,98,FS007098,C11H21NO3,215.29492,In Stock,,,,95,245,849,
1701407379,,1-Boc-3-piperidinecarboxaldehyde,98,FS007099,C11H19NO3,213.27898,In Stock,,,,195,895,2495,
1701407380,,1-Boc-3-methylaminopiperidine,98,FS007100,C11H22N2O2,214.31019,In Stock,,,,195,395,995,
1701407385,,2-Bromo-1-fluoro-3-methoxy-benzene,95,FS008005,C7H6BrFO,205.02767,In Stock,,75,95,195,395,695,
1701407391,,CEL,90,FS810005,C9H18N2O4,218.25481,In Stock,145,395,850,2495,,,
1701407393,,(1-Mercaptomethyl-cyclopropyl)-acetic acid,95,FS007102,C6H10O2S,146.2094,In Stock,75,95,195,395,1450,4350,
1701407394,,"6-Chloro-imidazo[1,2-b]pyridazine",95,FS007103,C6H4ClN3,153.57188,In Stock,75,95,145,295,995,1995,3192
1701407395,,3-Oxo-cyclobutanecarboxylic acid,95,FS007104,C5H6O3,114.10177,In Stock,,,,95,395,1295,2072
1701407401,,4-Bromo-1-difluoromethoxy-2-fluoro-benzene,95,FS007107,C7H4BrF3O,241.00853,In Stock,,,,495,1995,3995,6392
1701407402,,4-Bromo-2-difluoromethoxy-1-fluoro-benzene,95,FS007108,C7H4BrF3O,241.00853,In Stock,95,195,295,495,1495,2995,4792
1701407404,,4-Bromo-1-difluoromethoxy-2-methyl-benzene,95,FS007110,C8H7BrF2O,237.04519,In Stock,,,,495,1995,3995,
1701407405,,1-Bromo-2-difluoromethoxy-4-fluoro-benzene,95,FS007111,C7H4BrF3O,241.00853,In Stock,,,,495,1995,3995,
1701407408,,1-Bromo-2-difluoromethoxy-3-fluoro-benzene,95,FS007114,C7H4BrF3O,241.00853,In Stock,,,,895,1995,3995,
1701407410,,1-Bromo-2-difluoromethoxy-3-methyl-benzene,95,FS007116,C8H7BrF2O,237.04519,In Stock,,,495,995,1995,3995,
1701407412,,4-difluoromethoxy-3-fluoro-benzeneboronic acid,95,FS007118,C7H6BF3O3,205.93027,In Stock,,,595,850,2995,,
1701407413,,3-Difluoromethoxy-4-fluoro-benzeneboronic acid,95,FS007119,C7H6BF3O3,205.93027,In Stock,,,395,950,2995,,
1701407415,,4-difluoromethoxy-3-methyl-benzeneboronic acid,95,FS007121,C8H9BF2O3,201.96693,In Stock,,,495,850,2995,,
1701407431,,5-Hydroxymethylthiophene-2-boronic acid,95,FS008010,C5H7BO3S,157.98474,In Stock,75,145,245,495,1495,2995,
1701407432,,3-(1-Pyrrolidinyl)phenylboronic acid,95,FS008011,C10H14BNO2,191.03958,In Stock,95,195,395,995,1995,4995,
1701407435,,"(2S,4S)-4-Fluoro-1-tert-butoxycarbonyl-pyrrolidine-2-carboxylic acid",95,FS008012,C10H16FNO4,233.24172,In Stock,95,195,295,495,1995,3995,
1701407436,,(1-Hydroxymethyl-cyclopropyl)-acetonitrile,95,FS007136,C6H9NO,111.14473,In Stock,,,,295,795,1950,
1701407438,,"4-Cyano-pyrrolidine-1,2-dicarboxylic acid 1-tert-butyl ester",98,FS008013,C11H16N2O4,240.26117,In Stock,95,,,950,2495,6995,
1701407439,,2-Methyl-6-methoxy-pyridine-3-boronic acid,95,FS007142,C7H10BNO3,166.97365,In Stock,,75,95,195,595,1995,
1701407440,,3-Aminopyridazine,95,FS000313,C4H5N3,95.10455,In Stock,75,95,145,295,995,2495,
1701407444,,6-Fluoro-4-methyl-pyridin-3-ylamine,95,FS007140,C6H7FN2,126.13449,In Stock,75,95,145,295,995,1995,3192
1701407445,,3-Bromo-6-methoxy-2-methyl-pyridine,95,FS007141,C7H8BrNO,202.05191,In Stock,,,,245,995,2495,3992
1701407447,,4-Bromo-pyridazine,95,FS007145,C4H3BrN2,158.98591,In Stock,95,245,395,995,1995,4495,
1701407450,,"Imidazo[1,2-b]pyridazine",95,FS007148,C6H5N3,119.12685,In Stock,75,95,195,495,1495,3495,
1701407463,,"1,4-Dithia-7-aza-spiro[4.4]nonane hydrochloride",95,FS007160,C6H12ClNS2,197.75024,In Stock,95,145,195,295,995,2995,
1701407467,,"1,4-Dithia-7-aza-spiro[4.5]decane hydrochloride",95,FS007163,C7H14ClNS2,211.77733,In Stock,95,145,195,295,995,2995,
1701407476,,"[1,6]Naphthyridine",95,FS008016,C8H6N2,130.15042,In Stock,,,,,,3995,
1701407477,,4-(2-Bromo-acetyl)-benzoic acid,89,FS007171,C9H7BrO3,243.05834,In Stock,,,,495,1995,2995,
1701407478,,2-Fluoropyridine-4-boronic acid,95,FS007172,C5H5BFNO2,140.9105,In Stock,,75,95,195,750,1995,
1701407485,,5-Trifluoromethyl-thiophene-2-boronic acid,95,FS007179,C5H4BF3O2S,195.95663,In Stock,,195,595,850,3995,,
1701407495,,7-Bromo-isoquinoline,95,FS007189,C9H6BrN,208.05887,In Stock,75,95,295,495,1350,2995,
1701407530,,"3-(2,2-Difluoroethoxy)phenylboronic acid",90,FS007224,C8H9BF2O3,201.96693,In Stock,,495,795,1995,,,
1701407579,,"1-Bromo-3-(2,2-difluoro-ethoxy)-benzene",95,FS007273,C8H7BrF2O,237.04519,In Stock,,,,995,2495,4995,
1701407588,,4-(Difluoromethoxy)-phenylboronic acid,95,FS007282,C7H7BF2O3,187.93984,In Stock,75,95,295,495,1350,3995,
1701407589,,2-Difluoromethyl-phenylboronic acid,95,FS007283,C7H7BF2O2,171.94044,In Stock,,,,995,2995,7995,
1701407590,,3-Difluoromethyl-phenylboronic acid,95,FS007284,C7H7BF2O2,171.94044,In Stock,,,395,850,2995,4995,
1701407591,,4-Difluoromethyl-phenylboronic acid,95,FS007285,C7H7BF2O2,171.94044,In stock,,,495,895,1995,4995,
1701407594,,(2-Bromo-3-fluoro-phenyl)-acetic acid,95,FS007288,C8H6BrFO2,233.03822,In Stock,120,245,495,870,2495,4995,
1701407597,,"2,6-Difluoro-4-pyridinecarboxylic acid",95,FS007291,C6H3F2NO2,159.09311,In Stock,95,195,295,495,1995,3995,
1701407607,,"2,3-Difluoro-5-(trifluoromethyl)pyridine",95,FS007301,C6H2F5N,183.08154,In Stock,,,,295,995,2995,
1701407615,,3-Bromo-2-fluorotoluene,95,FS007309,C7H6BrF,189.02827,In Stock,,,195,445,670,1550,
1701407623,,(R)-tert-Butyl 3-(bromomethyl)piperidine-1-carboxylate,95,FS007317,C11H20BrNO2,278.19155,In Stock,,,,895,2495,3995,
1701407634,,(S)-tert-Butyl 3-(bromomethyl)piperidine-1-carboxylate,95,FS007326,C11H20BrNO2,278.19155,In Stock,,,,895,2495,3995,
1701407644,,4-Vinyl-piperidine-1-carboxylic acid tert-butyl ester,95,FS007336,C12H21NO2,211.30667,In Stock,,,,395,1495,3495,
1701407646,,3-Vinyl-piperidine-1-carboxylic acid tert-butyl ester,95,FS007338,C12H21NO2,211.30667,In Stock,,,,995,2495,3995,
1701407648,,3-Chlorosulfonyl-propionic acid methyl ester,95,FS007340,C4H7ClO4S,186.61499,In Stock,,,495,695,1395,3495,
1701407673,,2-Mercaptopyridin-3-ol,95,FS007365,C5H5NOS,127.1657,In Stock,,,,495,1995,4995,
1701407694,,Methyl 3-oxo-cyclobutanecarboxylate,95,FS007386,C6H8O3,128.12886,In Stock,,,395,895,1995,4995,
1701407695,,3-Oxo-cyclobutanecarboxylic acid ethyl ester,95,FS007387,C7H10O3,142.15595,In Stock,,,395,695,1690,2860,
1701407697,,"3,3-Dimethoxycyclobutane-1-carboxylate methyl ester",95,FS007389,C8H14O4,174.19838,In Stock,,,,995,1995,3995,
1701407737,,tert-Butyl 3-(2-ethoxy-2-oxoethylidene)azetidine-1-carboxylate,95,FS007429,C12H19NO4,241.28953,In Stock,,,,995,2995,,
1701407768,,4-Bromo-3-methyl-isothiazole,95,FS007458,C4H4BrNS,178.05118,In Stock,,,495,895,2295,,
1701407769,,Isothiazole-3-carboxylic acid,95,FS007459,C4H3NO2S,129.13801,In Stock,95,295,495,950,2995,,
1701407770,,Isothiazole-5-carboxylic acid,95,FS007460,C4H3NO2S,129.13801,In Stock,,,,495,1995,,
1701407778,,Methyl isothiazole-5-carboxylate,95,FS007468,C5H5NO2S,143.1651,In Stock,95,195,495,995,3495,,
1701407867,,"4,4-Difluorobutanoic acid",95,FS007555,C4H6F2O2,124.08802,In Stock,,,890,1490,4995,,
1701407872,,"4-(2,2-Difluoro-ethylamino)-piperidine-1-carboxylic acid tert-butyl ester",95,FS007562,C12H22F2N2O2,264.31814,In Stock,,,,995,2495,4995,
1701407882,,"2-Methyl-4-(4,4,5,5-tetramethyl-[1,3,2]dioxaborolan-2-yl)-benzonitrile",95,FS000654,C14H18BNO2,243.11606,In Stock,95,145,245,495,2295,4995,
1701407885,,4-Bromo-2-trifluoromethyl-pyridine,95,FS007573,C6H3BrF3N,225.99671,In Stock,,95,195,395,995,1995,
1701407887,,1-Bromo-3-chloro-5-nitrobenzene,95,FS008017,C6H3BrClNO2,236.45331,In Stock,75,80,95,195,595,1495,
1701407910,,5-Bromoisothiazole,95,FS007598,C3H2BrNS,164.02409,In Stock,,,,1295,2995,,
1701407911,,6-Trifluoromethyl-pyridine-2-carboxylic acid methyl ester,95,FS007599,C8H6F3NO2,205.13772,In Stock,75,125,245,495,1595,2995,
1701407912,,4-Bromo-2-methoxy-benzoic acid,95,FS007600,C8H7BrO3,231.04719,In Stock,75,125,245,495,1595,2995,4792
1701407917,,3-Amino-6-bromo-pyrazine-2-carboxylic acid methyl ester,95,FS007604,C6H6BrN3O2,232.03762,In Stock,75,80,,295,595,1295,
1701407919,,3-Bromo-5-trifluoromethyl-pyridin-2-ylamine,95,FS007606,C6H4BrF3N2,241.01138,In Stock,75,95,195,495,1995,3495,5592
1701407920,,1-(Thiophene-2-carbonyl)piperazine,95,FS008019,C9H12N2OS,196.27279,In Stock,75,95,145,295,995,2995,4792
1701407953,,(1-Phenylcyclopropyl)methanamine,95,FS007661,C10H13N,147.22181,In Stock,,,,395,995,3495,
1701407970,,2-Methoxy-benzenesulfonamide,95,FS007679,C7H9NO3S,187.21868,In Stock,,,,495,1995,4995,
1701407998,,"O-(2,2-Difluoroethyl)hydroxylamine hydrochloride",95,FS007707,C2H6ClF2NO,133.52602,In Stock,,,,995,3995,6995,
1701408025,,"4-Amino-5,6,7,8-tetrahydroisoquinoline",95,FS007735,C9H12N2,148.20939,In Stock,95,195,395,990,2995,,
1701408026,,1-Oxa-6-aza-spiro[2.5]octane-6-carboxylic acid tert-butyl ester,95,FS007736,C11H19NO3,213.27898,In Stock,75,195,295,495,1995,3495,
1701408033,,6-Bromoquinoline,95,FS007743,C9H6BrN,208.05887,In Stock,,,,95,315,915,1464
1701408035,,2-Amino-3-trifluoromethyl-benzoic acid,95,FS007745,C8H6F3NO2,205.13772,In Stock,,,95,150,515,1615,
1701408037,,2-Bromo-3-iodo-benzoic acid,95,FS007747,C7H4BrIO2,326.91713,In Stock,75,145,245,495,1495,3995,
1701408045,,"Trifluoromethylthio-3-(4,4,5,5-tetramethyl-[1,3,2]dioxaborolan-2-yl)-benzene",95,FS007755,C13H16BF3O2S,304.14147,In Stock,95,245,495,890,3995,6995,
1701408061,,N-Boc-trans-4-cyano-L-proline methyl ester,98,FS007895,C12H18N2O4,254.28826,In Stock,,,,895,2495,,
1701408083,,"1,6-Dioxaspiro[2.5]octane",93,FS007874,C6H10O2,114.1454,In Stock,,,595,890,2995,4995,
1701408090,,"3-Pyrazol-1-yl-azetidine-1-carboxylic acid tert-butyl ester",95,FS007867,C11H17N3O2,223.27704,In Stock,95,195,395,890,,,
1701408114,,"1-(4-Bromo-phenyl)-1,3-dihydro-imidazol-2-one",95,FS005073,C9H7BrN2O,239.07294,In Stock,95,195,295,495,1995,5995,
1701408119,,3-Bromo-6-fluoro-2-methoxyphenol,95,FS007917,C7H6BrFO2,221.02707,In Stock,95,290,490,1495,3295,6495,
1701408125,,"3-Bromo-2,6-difluorophenol",95,FS007916,C6H3BrF2O,208.99101,In Stock,,,,995,2995,5995,
1701408126,,3-Bromo-5-fluoro-2-methoxyphenol,95,FS007923,C7H6BrFO2,221.02707,In Stock,95,195,495,1290,4495,8995,
1701408136,,3-Fluoro-5-methoxy-phenol,95,FS007935,C7H7FO2,142.13104,In Stock,,,,895,2495,5995,
1701408142,,3-Hydroxy-5-methyl-pyridazine,95,FS007939,C5H6N2O,110.11637,In Stock,75,95,195,495,1795,2995,
1701408147,,"3-Vinyl-azetidine-1-carboxylic acid tert-butyl ester",95,FS007944,C10H17NO2,183.25249,In Stock,,,495,990,1995,,
1701408178,,"(2-Bromophenyl)(2,2-difluoroethyl)sulfane",95,FS007972,C8H7BrF2S,253.10979,In Stock,,,295,495,1995,4995,
1701408185,,"7-Bromoimidazo[1,2-a]pyridine",97,FS008995,C7H5BrN2,197.0353,In Stock,,,195,495,1995,4995,
1701408202,,"2,2-Difluoro-2H,5H,6H,7H-[1,3]dioxolo[4,5-f]indole-6,7-dione",95,FS007995,C9H3F2NO4,227.12536,In Stock,,,795,2495,,,
1701408255,,(4-Fluorophenyl)(isothiazol-5-yl)methanol,95,FS008765,C10H8FNOS,209.24376,In Stock,,,,1995,4995,,
1701408256,,7-Azaisatin,95,FS008766,C7H4N2O2,148.12213,In Stock,95,195,495,995,4495,7495,
1701408260,,O-(2-Fluoroethyl)hydroxylamine hydrochloride,95,FS008770,C2H7ClFNO,115.53559,In Stock,195,295,495,950,3995,8995,
1701408261,,"O-(2,2,2-Trifluoroethyl)hydroxylamine hydrochloride",93,FS008771,C2H5ClF3NO,151.51645,In Stock,95,245,595,895,3995,6995,
1701408284,,"tert-butyl 1-Boc-4-(4,4,5,5-tetramethyl-1,3,2-dioxaborolan-2-yl)-1,2,3,6-tetrahydropyridine",97,FS008794,C16H28BNO4,309.21686,In Stock,,75,95,195,695,1995,
1701408287,,4-Bromo-7-methoxyisatin,95,FS008797,C9H6BrNO3,256.05707,In Stock,,,,895,2495,5995,
1701408288,,Mozavaptan Hydrochloride,98,FS008798,C27H30ClN3O2,464.01205,In Stock,95,295,495,995,3995,8995,
1701408289,,"4,4,5,5-Tetramethyl-2-(1,4-dioxaspiro[4.5]dec-7-en-7-yl)-1,3,2-dioxaborolane",95,FS008799,C14H23BO4,266.14801,In Stock,75,95,195,495,1995,4995,
1701408299,,3-Fluoroazetidine Hydrochloride,95,FS008809,C3H7ClFN,111.54734,In Stock,195,295,595,995,2995,6995,
1701408300,,"3,3-Difluorocyclobutane-1-carboxylic acid",95,FS008808,C5H6F2O2,136.09917,In Stock,195,295,695,1495,2995,6995,
1701408301,,"5-(4,4,5,5-Tetramethyl-1,3,2-dioxaborolan-2-yl)isothiazole",95,FS008807,C9H14BNO2S,211.09243,In Stock,,,850,1495,2990,,
1701408307,,2-(Pyridin-3-yl)propan-2-ol,95,FS008817,C8H11NO,137.18297,In Stock,,,,495,1995,2995,
1701408333,,"3,3-Difluoroazetidine hydrochloride",95,FS007896,C3H6ClF2N,129.53777,In Stock,,,,195,950,,
1701408338,,Isothiazole-5-carboxyaldehyde,95,FS008848,C4H3NOS,113.13861,In Stock,,,495,995,2995,3995,
1701408371,,5-Iodo-3-methyl-isothiazole,95,FS008880,C4H4INS,225.05158,In Stock,95,195,395,895,2495,,
1701408384,,Mycophenolate sodium,98,FS008893,C17H19NaO6,342.32718,In Stock,95,245,495,900,,,
1701408385,,"4-(4-Fluoro-phenyl)-1,3-dihydro-imidazol-2-one",95,FS005074,C9H7FN2O,178.16734,In Stock,75,145,245,495,1995,3995,
1701408387,,"1,3,4,5,6,7-Hexahydro-benzoimidazol-2-one",95,FS005075,C7H10N2O,138.17055,In Stock,75,95,195,495,2295,4495,
1701408390,,Cyclosporin A,98,FS200049,C62H111N11O12,1202.64247,In Stock,95,295,495,,,,
1701408391,,5-Bromo-2-ethynylpyridine,95,FS008895,C7H4BrN,182.02063,In Stock,,,295,495,1995,4995,
1701408409,,"2-(3-Bromopropoxy)isoindoline-1,3-dione",95,FS008911,C11H10BrNO3,284.11125,In Stock,90,190,390,850,1995,2995,
1701408420,,"4,5,6,7-Tetrahydrobenzo[d][1,2,3]thiadiazole",95,FS008925,C6H8N2S,140.20806,In Stock,,,,995,3495,4995,
1701408453,,"4-(4,4,5,5-Tetramethyl-1,3,2-dioxaborolan-2-yl)thiazole",95,FS008996,C9H14BNO2S,211.09243,In Stock,,,995,1695,4995,,
1701408454,,2-Trifluoromethyl-pyridine-4-boronic acid,95,FS008958,C6H5BF3NO2,190.91845,In Stock,,,495,895,1995,3990,
1701408472,,"1,2-Bis(2-iodophenyl)disulfane",95,FS008980,C12H8I2S2,470.13436,In Stock,,95,195,295,995,3995,
1701408519,,"1,3,5-Trimethyl-1H-pyrazole-4-boronic acid, hydrochloride",95,FS009501,C6H12BClN2O2,190.43874,In Stock,,,,995,1995,4995,
1701408521,,"3,5-Dimethylpyrazole-4-boronic acid hydrochloride",95,FS009502,C5H10BClN2O2,176.41165,In Stock,,,,895,2254,5644,
1701408526,,Darifenacin HBr,95,FS200004,C28H31BrN2O2,507.47547,In Stock,395,,,895,1995,2995,
1701408529,,Erlotinib HCl,95,FS200007,C22H24ClN3O4,429.90728,In Stock,95,,,,,,
1701408541,,Zoledronic acid disodium,98,FS200018,C5H8N2Na2O7P2,316.05591,In Stock,135,395,,,,,
1701408546,,Vildagliptin,99,FS200054,C17H25N3O2,303.4077,In Stock,95,135,295,495,995,1995,
1701408548,,KHELLIN,95,FS200061,C14H12O5,260.24874,In Stock,195,395,495,795,,,
1701408549,,APREPITANT,97,FS200062,C23H21F7N4O3,534.43762,In Stock,195,995,,,,,
1701408551,,GLYCYRRHIZIC ACID,75,FS200064,C42H62O16,822.95284,In Stock,,,,995,,,
1701408552,,FLUTRIMAZOLE,99,FS200065,C22H16F2N2,346.38302,In Stock,145,295,595,1095,,,
1701408553,,MILDRONATE,97,FS200066,C6H14N2O2,146.19068,In Stock,95,195,495,,,,
1701408554,,BEXAROTENE,98,FS200067,C24H28O2,348.48956,In Stock,295,995,1995,,,,
1701408555,,beta-Estradiol,97,FS200069,C18H24O2,272.39078,In Stock,75,95,,,,,
1701408556,,Nicergoline,97,FS200070,C24H26BrN3O3,484.39712,In Stock,145,295,595,,,,
1701408557,,CINACALCET HYDROCHLORIDE,99,FS200068,C22H23ClF3N,393.88351,In Stock,295,995,1995,,,,
1701408568,,"1-Bromo-2-(2,2-difluoroethylsulfinyl)benzene",95,FS008023,C8H7BrF2OS,269.10919,In Stock,75,95,195,495,1995,4995,
1701408570,,1-Bromo-3-methyl-5-trifluoromethyl-benzene,95,FS000355,C8H6BrF3,239.03622,In Stock,,,,195,595,1495,
1701408574,,Fasudil dihydrochloride hydrate,98,FS200081,C14H21Cl2N3O3S,382.31177,In Stock,95,295,395,895,3495,,
1701408575,,Catechinic acid,90,FS009005,C15H14O6,290.27523,In Stock,95,195,495,995,2995,,
1701408583,,Methyl 6-(trifluoromethyl)nicotinate,95,FS009012,C8H6F3NO2,205.13772,In Stock,75,125,245,495,1595,2995,
1701408589,,1-Azetidin-1-yl-ethanone,95,FS009302,C5H9NO,99.13358,In Stock,,,,,2995,5995,
1701408590,,4-{N-[(4-Methoxy-phenyl)-diphenyl-methyl]aminooxy}-butyric acid,95,FS009303,C24H25NO4,391.47115,In Stock,,,,495,1995,4995,
1701408603,,3-Iodo-4-(trifluoromethyl)pyridine,95,FS009100,C6H3F3IN,272.99711,In Stock,,,295,495,1995,4995,
1701408615,,Isocyanatocyclopropane,95,FS009035,C4H5NO,83.09055,In Stock,,,195,395,1895,2995,
1701408643,,4-(3-Bromo-benzenesulfonyl)-piperazine-1-carboxylic acid tert-butyl ester,95,FS009400,C15H21BrN2O4S,405.31362,In Stock,95,195,395,895,,,
1701408644,,"(S)-2-Amino-1-azetidin-1-yl-3-phenyl-propan-1-one; hydrochloride",95,FS009305,C12H17ClN2O,240.73509,In Stock,,195,395,,,,
1701408650,,"2-(4-Difluoromethoxy-3-fluoro-phenyl)-4,4,5,5-tetramethyl-[1,3,2]dioxaborolane",90,FS009307,C13H16BF3O3,288.07687,In Stock,95,195,295,495,2395,5995,
1701408653,,"(R)-2-Amino-1-azetidin-1-yl-3-(2-bromo-phenyl)-propan-1-one hydrochloride",95,FS009308,C12H16BrClN2O,319.63112,In Stock,95,295,495,895,3495,,
1701408654,,3-Isothiazol-5-yl-benzoic acid,95,FS009309,C10H7NO2S,205.23679,In Stock,95,295,595,995,,,
1701408681,,2-(2-Amino-6-bromo-3-methoxyphenyl)acetohydrazide,95,FS009150,C9H12BrN3O2,274.11889,In Stock,95,195,395,895,,,
1701408691,,O-(2-Methoxy-ethyl)-hydroxylamine,95,FS009086,C3H9NO2,91.11068,In Stock,,,,495,995,2995,
1701408694,,[(E)-Benzyloxyimino]-acetic acid,95,FS009310,C9H9NO3,179.17698,In Stock,75,95,145,295,995,,
1701408695,,Methoxyimino-acetic acid,95,FS009311,C3H5NO3,103.0782,In Stock,,,95,295,995,2995,
1701408696,,"1-Azetidin-1-yl-2-piperazin-1-yl-ethanone; hydrochloride",95,FS009312,C9H18ClN3O,219.71631,In Stock,95,295,495,895,,,
1701408704,,6-Bromo-indolizine-2-carboxylic acid methyl ester,90,FS009508,C10H8BrNO2,254.08476,In Stock,,,,895,2995,6995,
1701408711,,"6-Bromo-imidazo[1,2-a]pyrimidine-2-carboxylic acid",95,FS009313,C7H4BrN3O2,242.03283,In Stock,95,195,395,995,,,
1701408714,,4-Bromo-2-(imidazol-1-yl)-pyridine,95,FS009136,C8H6BrN3,224.06112,In Stock,,,595,995,2495,4995,
1701408733,,RAPAMYCIN,97,FS200096,C51H79NO13,914.19718,In Stock,195,295,595,995,3995,,
1701408754,,"O-(4,4,4-Trifluoro-butyl)-hydroxylamine",95,FS009314,C4H8F3NO,143.10966,In Stock,,,395,895,1995,4995,
1701408769,,Prop-2-ynyl-hydroxylamine; hydrochloride,95,FS009713,C3H6ClNO,107.54037,In Stock,95,145,295,495,1995,,
1701408776,,"tert-Butyl 2,6-diazaspiro[3.4]octane-6-carboxylate",95,FS009187,C11H20N2O2,212.29425,In Stock,,,695,1495,2995,,
1701408780,,"tert-Butyl 2,8-diazaspiro[4.5]decane-2-carboxylate",95,FS009191,C13H24N2O2,240.34843,In Stock,,,995,1995,,,
1701408787,,3-Methylene-cyclobutane-1-carbonitrile,95,FS009179,C6H7N,93.12939,In Stock,,,,95,165,415,664
1701408791,,2-(3-Bromo-phenyl)-2-methyl-oxetane,95,FS001231,C10H11BrO,227.10257,In Stock,,,,,2450,4900,
1701408793,,3-Piperazin-1-yl-pyridazine dihydrochloride,95,FS001234,C8H14Cl2N4,237.13358,In Stock,,,,795,2450,3950,
1701408796,,2-Pyridin-2-yl-propan-2-ol,95,FS001241,C8H11NO,137.18297,In Stock,75,95,195,495,1995,6495,
1701408798,,"4,5,6,7-Tetrahydro-1H-benzoimidazole",95,FS001256,C7H10N2,122.17115,In Stock,95,245,495,1195,3995,7995,
1701408801,,"Thiomorpholine 1,1-dioxide",95,FS001260,C4H9NO2S,135.18583,In Stock,,,,395,995,2495,
1701408802,,"6-Bromo-pyrazolo[1,5-a]pyrimidine-3-carbonitrile",95,FS001262,C7H3BrN4,223.03276,In Stock,95,295,495,895,2995,4995,
1701408809,,N-Boc-(2-Ethoxycarbonyl-vinyl)-piperidine),95,FS000279,C15H25NO4,283.3708,In Stock,,,595,1195,2995,4995,
1701408811,,O-Cyclohexylmethyl-hydroxylamine,95,FS000886,C7H15NO,129.2037,In Stock,,,195,495,1495,4995,
1701408815,,"4-Methoxy-benzyloxyimino]-acetic acid",95,FS009319,C10H11NO4,209.20347,In Stock,,,195,495,1995,4995,
1701408837,,"5-Bromo-7-methyl-1H-indole-2,3-dione",95,FS009337,C9H6BrNO2,240.05767,In Stock,,220,559,895,3384,,
1701408838,,"5-Bromo-7-methyl-1H-indole-2,3-dione 3-[O-(2,2-difluoro-ethyl)-oxime]",95,FS009338,C11H9BrF2N2O2,319.10738,In Stock,495,1995,,,,,
1701408839,,"5-Bromo-7-methyl-1H-indole-2,3-dione 3-(O-cyclobutyl-oxime)",95,FS009339,C13H13BrN2O2,309.16476,In Stock,495,1995,,,,,
1701408841,,"4-[4-Bromo-7-methoxy-2-oxo-1,2-dihydro-indol-(3Z)-ylideneaminooxy]-butyric acid",95,FS040000,C13H13BrN2O5,357.16296,In Stock,495,995,1995,,,,
1701408842,,"4-[2,2-Difluoro-6-oxo-5,6-dihydro-[1,3]dioxolo[4,5-f]indol-(7)-ylideneaminooxy]-butyric acid",95,FS040001,C13H10F2N2O6,328.23125,In Stock,495,995,1995,,,,
1701408864,,4-bromo-3-(cyclohexylmethoxyimino)-7-methoxyindolin-2-one,95,FS040020,C16H19BrN2O3,367.24543,In Stock,495,995,1995,,,,
1701408874,,"6-Ethyl-1H-indole-2,3-dione 3-(O-cyclohexylmethyl-oxime)",95,FS040030,C17H22N2O2,286.37709,In Stock,495,995,1995,,,,
1701408878,,"6-Chloro-7-methyl-1H-indole-2,3-dione 3-(O-cyclohexylmethyl-oxime)",95,FS040033,C16H19ClN2O2,306.79503,In Stock,495,995,1995,,,,
1701408879,,"4-Ethynyl-2,6-dimethyl-pyridine",95,FS009345,C9H9N,131.17878,In Stock,,,595,895,,,
1701408880,,"6-Chloro-7-methyl-1H-indole-2,3-dione 3-(O-cyclobutyl-oxime)",95,FS040034,C13H13ClN2O2,264.71376,In Stock,495,995,1995,,,,
1701408881,,"6-Ethyl-1H-indole-2,3-dione 3-(O-cyclobutyl-oxime)",95,FS040035,C14H16N2O2,244.29582,In Stock,495,995,1995,,,,
1701408883,,ChlorprothixeneHydrochloride,97,FS200179,C18H19Cl2NS,352.32883,In Stock,,,195,245,,,
1701408911,,4-Ethyl-3-nitro-pyridine,95,FS009347,C7H8N2O2,152.15401,In Stock,,,395,895,2995,,
1701408928,,"3,4-Bis-difluoromethoxy-benzaldehyde O-(2,2,2-trifluoro-ethyl)-oxime",95,FS040038,C11H8F7NO3,335.18011,In Stock,495,995,1995,,,,
1701408929,,"6-Ethyl-1H-indole-2,3-dione 3-[O-(2,2,2-trifluoro-ethyl)-oxime]",95,FS040039,C12H11F3N2O2,272.22887,In Stock,495,995,1995,,,,
1701409021,,Oxetan-3-one,95,FS009202,C3H4O2,72.06413,In Stock,,,195,395,995,3490,
1701409024,,"3-(2,5-Dimethyl-phenyl)-1-phenyl-1H-pyrazole-4-carbaldehyde O-(2,2,2-trifluoro-ethyl)-oxime",95,FS040600,C20H18F3N3O,373.38116,In Stock,495,995,1995,,,,
1701409025,,"3-([1,3]Dioxolan-2-ylmethoxy)-benzaldehyde O-(2,2,2-trifluoro-ethyl)-oxime",95,FS040601,C13H14F3NO4,305.25603,In Stock,495,995,1995,,,,
1701409030,,1-METHYL-3-IODOPYRAZOLE,95,FS001820,C4H5IN2,208.00225,In Stock,,95,195,395,1495,2995,
1701409038,,"3,4-Bis-difluoromethoxy-benzaldehyde O-cyclobutyl-oxime",95,FS040602,C13H13F4NO3,307.24706,In Stock,495,995,1995,,,,
1701409050,,1-ETHYL-3-IODO PYRAZOLE,95,FS001821,C5H7IN2,222.02934,In Stock,,,195,395,1495,2995,
1701409101,,"3-(3-Bromo-phenyl)-cyclobutanone O-cyclobutyl-oxime",95,FS040036,C14H16BrNO,294.19372,In Stock,495,995,1995,,,,
1701409111,,"7-Bromo-3,4-dihydro-2H-benzo[b]oxepin-5-one O-cyclobutyl-oxime",95,FS040222,C14H16BrNO2,310.19312,In Stock,495,995,1995,,,,
1701409116,,"3-{1-[(E)-2,2-Difluoro-ethoxyimino]-ethyl}-benzoic acid methyl ester",95,FS040603,C12H13F2NO3,257.23911,In Stock,495,995,1995,,,,
1701409117,,2-Bromo-N-cyclopropyl-acetamide,95,FS009356,C5H8BrNO,178.02961,In Stock,,,195,495,1995,,
1701409132,,"(trans)-4-Aminomethyl-cyclohexanecarboxylic acid (5-chloro-pyridin-2-yl)-amide; dihydrochloride",95,FS040237,C13H20Cl3N3O,340.68285,In Stock,995,,,,,,
1701409133,,"(trans)-4-Aminomethyl-cyclohexanecarboxylic acid pyridin-3-ylamide; dihydrochloride",95,FS040238,C13H21Cl2N3O,306.23782,In Stock,495,,,,,,
1701409135,,"(trans)-4-Aminomethyl-cyclohexanecarboxylic acid (4-methyl-thiazol-2-yl)-amide; hydrochloride",95,FS040240,C12H20ClN3OS,289.8297,In Stock,495,,,,,,
1701409136,,"(trans)-4-Aminomethyl-cyclohexanecarboxylic acid (5-methyl-thiazol-2-yl)-amide; hydrochloride",95,FS040241,C12H20ClN3OS,289.8297,In Stock,495,,,,,,
1701409137,,"(trans)-4-Aminomethyl-cyclohexanecarboxylic acid (4-morpholin-4-ylmethyl-phenyl)-amide; dihydrochloride",90,FS040242,C19H31Cl2N3O2,404.38382,In Stock,495,,,,,,
1701409138,,"(trans)-4-Aminomethyl-cyclohexanecarboxylic acid (pyridin-3-ylmethyl)-amide; dihydrochloride",90,FS040243,C14H23Cl2N3O,320.26491,In Stock,495,,,,,,
1701409140,,"(trans)-4-Aminomethyl-cyclohexanecarboxylic acid thiazol-2-ylamide; hydrochloride",90,FS040245,C11H18ClN3OS,275.80261,In Stock,495,,,,,,
1701409141,,"(trans)-4-Aminomethyl-cyclohexanecarboxylic acid (4-[1,2,4]triazol-1-ylmethyl-phenyl)-amide; hydrochloride",90,FS040246,C17H24ClN5O,349.86673,In Stock,495,,,,,,
1701409145,,"(E)-7-Bromo-3,4-dihydrobenzo[b]oxepin-5(2H)-one O-2,2,2-trifluoroethyl oxime",95,FS040605,C12H11BrF3NO2,338.12617,In Stock,495,995,1995,,,,
1701409148,,"(S)-2-Iodomethyl-pyrrolidine-1-carboxylic acid tert-butyl ester",97,FS009802,C10H18INO2,311.16486,In Stock,,,395,995,1995,3995,
1701409149,,"7-(4,4,5,5-Tetramethyl-[1,3,2]dioxaborolan-2-yl)-3,4-dihydro-2H-benzo[b]oxepin-5-one",95,FS009357,C16H21BO4,288.15437,In Stock,75,95,195,495,1995,,
1701409150,,5-Bromo-2-((trimethylsilyl)ethynyl)pyridine,95,FS009358,C10H12BrNSi,254.20384,In Stock,,,295,495,1995,3995,
1701409155,,"2-Bromo-N-(2,2-diethoxy-ethyl)-acetamide",95,FS009753,C8H16BrNO3,254.12562,In Stock,,,195,495,1995,,
1701409163,,Ethyl 1-(2-bromoacetyl)piperidine-4-carboxylate,95,FS009745,C10H16BrNO3,278.14792,In Stock,,,195,295,695,1995,
1701409173,,5-Vinyl-pyrrolidin-2-one,97,FS009804,C6H9NO,111.14473,In Stock,,,95,195,495,,
1701409187,,"[4-(1H-Indol-5-ylcarbamoyl)-cyclohexylmethyl]-carbamic acid tert-butyl ester",95,FS040248,C21H29N3O3,371.48358,In Stock,495,,,,,,
1701409214,,"[4-(1H-Benzoimidazol-2-ylcarbamoyl)-cyclohexylmethyl]-carbamic acid tert-butyl ester",95,FS040599,C20H28N4O3,372.47116,In Stock,495,,,,,,
1701409215,,"[(2-Bromo-4-methyl-phenyl)-difluoro-methyl]-phosphonic acid diethyl ester",95,FS009373,C12H16BrF2O3P,357.13412,In Stock,,,395,895,1995,4995,
1701409242,,3-Methylenecyclobutanecarboxylic acid,95,FS009925,C6H8O2,112.12946,In Stock,,,,495,995,1995,
1701409244,,3-Oxocyclobutanecarbonitrile,95,FS009927,C5H5NO,95.1017,In Stock,75,95,195,495,1995,2995,
1701409245,,"3,3-Difluorocyclobutanecarbonitrile",95,FS009928,C5H5F2N,117.0991,In Stock,,,495,995,1995,4995,
1701409261,,"8-Bromopyrido[3,4-b]pyrazine-2,3(1H,4H)-dione",95,FS009944,C7H4BrN3O2,242.03283,In Stock,95,195,495,895,2995,5995,
1701409264,,3-Fluoro-piperidin-4-one hydrochloride,95,FS009180,C5H9ClFNO,153.58498,In Stock,95,245,495,895,2490,,
1701409265,,"1-(2,2,2-trifluoro-ethoxy)-benzene-3-boronic acid",95,FS009361,C8H8BF3O3,219.95736,In Stock,95,195,395,995,2495,4995,
1701409268,,4-Methylpyridazine,95,FS009182,C5H6N2,94.11697,In Stock,,,,395,995,1995,3192
1701409292,,"4-Aza-tricyclo[5.2.1.0 2,6]dec-8-ene-3,5-dione",95,FS009364,C9H9NO2,163.17758,In Stock,,,95,115,415,1315,
1701409294,,"1-(2-Pyridazin-4-yl-acetyl)-piperidin-4-yl]-acetic acid",95,FS009366,C13H17N3O3,263.29874,In Stock,495,,,,,,
1701409307,,"[1,2]Oxazepane-2-carboxylic acid benzyl ester",95,FS009374,C13H17NO3,235.28534,In Stock,,,,1495,3995,9900,
1701409308,,"4-Aza-tricyclo[5.2.1.0 2,6]decane-3-one",95,FS009375,C9H13NO,151.21006,In Stock,95,195,495,1495,4995,,
1701409310,,"4-Aza-tricyclo[5.2.1.0 2,6]decane-3,5-dione",95,FS009983,C9H11NO2,165.19352,In Stock,,75,95,195,695,1995,
1701409313,,"1-(3-Bromo-benzenesulfonyl)-azetidine",95,FS009376,C9H10BrNO2S,276.15355,In Stock,95,195,495,1295,,,
1701409323,,"1-Azetidin-1-yl-2-(3-bromo-phenoxy)-ethanone",95,FS009377,C11H12BrNO2,270.12779,In Stock,295,,,,,,
1701409324,,"3-Allyloxy-azetidine-1-carboxylic acid tert-butyl ester",95,FS009378,C11H19NO3,213.27898,In Stock,75,95,195,495,1995,,
1701409335,,"3-Ethoxycarbonylmethoxy-azetidine-1-carboxylic acid tert-butyl ester",95,FS010404,C12H21NO5,259.30487,In Stock,75,95,195,495,1995,,
1701409336,,"2-(3-Nitro-2-fluoro-phenyl)-4,4,5,5-tetramethyl-[1,3,2]dioxaborolane",95,FS009379,C12H15BFNO4,267.06705,In Stock,75,95,195,495,,,
1701409337,,3-Aminomethyl-oxetane,95,FS010000,C4H9NO,87.12243,In Stock,,,995,1995,4395,12900,
1701409342,,3-Methylsulfonyl-azetidine,95,FS010004,C4H9NO2S,135.18583,In Stock,,,,995,2495,4995,
1701409344,,tert-Butyl 3-(5-bromopentyloxy)azetidine-1-carboxylate,95,FS009380,C13H24BrNO3,322.24513,In Stock,,75,195,495,1495,2995,
1701409351,,Ethyl 4-(chlorosulfonyl)butanoate,95,FS010012,C6H11ClO4S,214.66917,In Stock,,,,995,1995,4995,
1701409388,,Oxetan-3-ylidene-acetonitrile,95,FS010107,C5H5NO,95.1017,In Stock,75,95,195,495,1995,5995,
1701409398,,1-(3-Bromo-2-fluorophenyl)ethanol,,FS010040,C8H8BrFO,219.05476,In Stock,,,195,495,995,1995,
1701409411,,2-(3-phenylboronic acid)-2-methyl-oxetane,95,FS009384,C10H13BO3,192.02431,In Stock,75,95,195,495,1995,6850,
1701409412,,2-Fluoro-3-methylphenylboronic acid,95,FS009385,C7H8BFO2,153.95001,In Stock,75,95,195,495,1995,,
1701409419,,"3-Oxiranylmethoxy-azetidine-1-carboxylic acid tert-butyl ester",95,FS009386,C11H19NO4,229.27838,In Stock,75,95,195,495,1995,2995,
1701409420,,"3-(3-Bromo-pyridin-2-yloxy)-azetidine-1-carboxylic acid tert-butyl ester",95,FS009387,C13H17BrN2O3,329.19604,In Stock,75,95,195,495,1995,2995,
1701409421,,"3-(3-Fluoro-5-trifluoromethyl-pyridin-2-yloxy)-azetidine-1-carboxylic acid tert-butyl ester",95,FS009388,C14H16F4N2O3,336.28882,In Stock,75,95,195,495,1995,,
1701409422,,"tert-Butyl 2,7-diazaspiro[3.5]nonane-7-carboxylate oxalate",95,FS010203,C14H24N2O6,316.35718,In Stock,95,295,495,1195,1950,4995,
1701409425,,"2-(tert-Butoxycarbonyl)-2,7-diazaspiro[3.5]nonane oxalate",95,FS010206,C14H24N2O6,316.35718,In Stock,,295,495,1350,1950,4995,
1701409432,,3-(Allyloxymethyl)-3-methyloxetane,95,FS010213,C8H14O2,142.19958,In Stock,,,295,495,1250,3995,
1701409433,,Ethyl 2-((3-methyloxetan-3-yl)methoxy)acetate,95,FS010214,C9H16O4,188.22547,In Stock,95,295,495,795,1995,3995,
1701409438,,3-Methyl-oxetane-3-carbaldehyde,90,FS010116,C5H8O2,100.11831,In Stock,,,,1695,2990,,
1701409440,,(E)-Ethyl 3-(3-methyloxetan-3-yl)acrylate,95,FS010118,C9H14O3,170.21013,In Stock,,,,995,3495,,
1701409475,,"(3-Fluoro-5-trifluoromethyl-pyridin-2-yl)-prop-2-ynyl-amine",95,FS010218,C9H6F4N2,218.15517,In Stock,95,195,295,495,1995,,
1701409484,,"3-Methylene-cyclobutanecarboxylic acid prop-2-ynylamide",95,FS009393,C9H11NO,149.19412,In Stock,95,195,295,495,1995,,
1701409488,,"3-Methylene-cyclobutanecarboxylic acid methoxy-methyl-amide",95,FS010146,C8H13NO2,155.19831,In Stock,,,,995,,,
1701409490,,"2-[(E)-Benzyloxyimino]-N-prop-2-ynyl-acetamide",95,FS010148,C12H12N2O2,216.24164,In Stock,,,,995,,,
1701409495,,"2-(2-Bromo-3-fluoro-phenyl)-N-methoxy-N-methyl-acetamide",95,FS009395,C10H11BrFNO2,276.10707,In Stock,,,,895,2995,4995,
1701409504,,2-((3-Bromo-2-fluorophenoxy)methyl)oxirane,95,FS010152,C9H8BrFO2,247.06531,In Stock,,,,1095,1990,3990,
1701409505,,2-((3-Iodophenoxy)methyl)oxirane,95,FS010153,C9H9IO2,276.07528,In Stock,,,,995,1995,3995,
1701409534,,2-(3-Bromo-6-methoxypyridin-2-yl)ethanol,95,FS010522,C8H10BrNO2,232.0784,In Stock,,,,1095,2995,,
1701409538,,2-(6-Methoxypyridin-2-yl)ethanol,95,FS010560,C8H11NO2,153.18237,In Stock,,,395,695,2495,,
1701409541,,2-(Pyridin-2-yl)propan-1-ol,92,FS010750,C8H11NO,137.18297,In Stock,,,895,1295,2495,,
1701409545,,2-(Pyrimidin-4-yl)ethanol,95,FS010754,C6H8N2O,124.14346,In Stock,,,690,1590,2990,,
1701409559,,Tetrahydro-2H-pyran-4-sulfonyl chloride,90,FS012868,C5H9ClO3S,184.64268,In Stock,,,495,1195,3900,6990,
1701409562,,Methyl 3-(N-prop-2-ynylsulfamoyl)propanoate,95,FS009404,C7H11NO4S,205.23402,In Stock,,,395,895,2995,,
1701409564,,3-Amino-2-fluoro-phenol,95,FS009406,C6H6FNO,127.11922,In Stock,95,395,995,1895,,,
1701409576,,2-Benzhydrylsulfanyl-acetamide,98,FS009409,C15H15NOS,257.3569,In Stock,95,145,295,895,1990,3290,5264
1701409627,,"(E, Z)-3-(3-Methyloxetan-3-yl)acrylonitrile",,FS010432,C7H9NO,123.15588,In Stock,95,295,495,1495,,,
1701409742,,(E)-1-Oxaspiro[2.3]hexane-5-carbonitrile,95,FS010498,C6H7NO,109.12879,In Stock,,,495,1495,3995,,
1701409751,,3-(Trifluoromethylthio)bromobenzene,95,FS010600,C7H4BrF3S,257.07313,In Stock,,,,95,495,1490,2384
1701409754,,(Z)-1-Oxaspiro[2.3]hexane-5-carbonitrile,95,FS010499,C6H7NO,109.12879,In Stock,,495,995,,,,
1701409758,,"3-Methylene-cyclobutanecarboxylic acid ethyl ester",95,FS009413,C8H12O2,140.18364,In Stock,,,495,995,,,
1701409759,,"(3,4-Bis(difluoromethoxy)phenyl)methanol",,FS010300,C9H8F4O3,240.15591,In Stock,,295,495,990,2990,,
1701409761,,"7-Bromo-2,3,4,5-tetrahydrobenzo[b]oxepin-5-ol",,FS010302,C10H11BrO2,243.10197,In Stock,,95,295,495,995,,
1701409762,,4-Ethyl-3-hydroxyindolin-2-one,,FS010303,C10H11NO2,177.20467,In Stock,,495,695,1190,,,
1701409776,,4-(Difluoromethoxy)-3-methylphenol,,FS010304,C8H8F2O2,174.14856,In Stock,,,,1190,2490,,
1701409779,,2-(Difluoromethoxy)phenol,95,FS010307,C7H6F2O2,160.12147,In Stock,,395,890,1390,2990,,
1701409781,,3-Fluoro-2-(trifluoromethyl)phenol,95,FS010309,C7H4F4O,180.10293,In stock,,,,1190,2490,,
1701409784,,"Diethyl 2-(2,2-difluoroethyl)malonate",90,FS009427,C9H14F2O4,224.20633,In Stock,,,495,990,2490,,
1701409785,,3-Fluoro-4-(trifluoromethyl)phenol,,FS010311,C7H4F4O,180.10293,In Stock,,,,1190,2490,,
1701409786,,2-Ethynylthiophene,90,FS001813,C6H4S,108.16278,In Stock,,,,395,995,1995,3192
1701409787,,"3,3-dimethoxycyclobutane-1-carboxylic acid",95,FS009238,C7H12O4,160.17129,In Stock,95,195,395,,,,
1701409792,,4-Methyl-N'-(3-oxocyclohexylidene)benzenesulfonohydrazide,95,FS009430,C13H16N2O3S,280.34807,In Stock,,,95,295,995,1995,
1701409793,,(4-(3-(Isothiazol-5-yl)benzoyl)piperazin-1-yl)(thiophen-2-yl)methanone,,FS500001,C19H17N3O2S2,383.49424,In Stock,990,,,,,,
1701409809,,"N-(1,3-dioxo-2,3-dihydro-1H-isoindol-2-yl)-3,3,3- trifluoropropanamide",97,FS009431,C11H7F3N2O3,272.18524,In Stock,,,,,,,
1701409812,,5-Methoxy-4-methyl-5-oxopentanoic acid,95,FS011315,C7H12O4,160.17129,In Stock,95,195,295,,,,
1701409851,,"1,3,5-trifluoro-2-methyl-4-nitrobenzene",95,FS009444,C7H4F3NO2,191.11063,In Stock,,295,495,995,1995,3995,
1701409854,,4-(azetidin-1-ylmethyl)benzoic acid,95,FS010239,C11H13NO2,191.23176,In Stock,,195,495,995,1995,,
1701409855,,methyl 4-(azetidin-1-ylmethyl)benzoate,95,FS010238,C12H15NO2,205.25885,In Stock,,,,495,1295,,
1701409856,,"4-(azetidin-1-ylmethyl)piperidine; bis(trifluoroacetic acid)",95,FS010237,C13H20F6N2O4,382.30575,In Stock,,195,495,995,1995,,
1701409860,,1-(azetidin-3-yl)azetidine ditrifluoroacetate,95,FS009443,C10H14F6N2O4,340.22448,In Stock,,,1195,2495,,,
1701409861,,"2-[4-(difluoromethoxy)-3-methylphenyl]-4,4,5,5-tetramethyl-1,3,2-dioxaborolane",95,FS009442,C14H19BF2O3,284.11353,In Stock,,,495,695,1995,,
1701409863,,"4,5,6,7-tetrahydro-1,2,3-benzothiadiazol-7-one",95,FS009440,C6H6N2OS,154.19152,In stock,495,995,,,,,
1701409866,,N-benzyloxane-4-sulfonamide,95,FS009437,C12H17NO3S,255.33819,In Stock,495,,,,,,
1701409869,,4-(benzylsulfanyl)oxane,95,FS009434,C12H16OS,208.32472,In Stock,395,995,,1495,,,
